fecha,ccl
2013-01-02,6.6700
2013-01-03,6.6800
2013-01-04,6.8200
2013-01-05,6.8200
2013-01-06,6.8200
2013-01-07,6.8300
2013-01-08,6.8700
2013-01-09,7.0300
2013-01-10,7.0300
2013-01-11,7.1300
2013-01-12,7.1300
2013-01-13,7.1300
2013-01-14,7.1600
2013-01-15,7.1800
2013-01-16,7.2500
2013-01-17,7.3300
2013-01-18,7.3100
2013-01-19,7.3100
2013-01-20,7.3100
2013-01-21,7.3100
2013-01-22,7.3500
2013-01-23,7.3800
2013-01-24,7.4600
2013-01-25,7.5100
2013-01-26,7.5100
2013-01-27,7.5100
2013-01-28,7.5300
2013-01-29,7.6200
2013-01-30,7.6800
2013-01-31,7.6800
2013-02-01,7.7100
2013-02-02,7.7100
2013-02-03,7.7100
2013-02-04,7.8300
2013-02-05,7.8700
2013-02-06,7.7700
2013-02-07,7.7000
2013-02-08,7.7600
2013-02-09,7.7600
2013-02-10,7.7600
2013-02-11,7.7600
2013-02-12,7.7600
2013-02-13,7.6900
2013-02-14,7.7100
2013-02-15,7.6200
2013-02-16,7.6200
2013-02-17,7.6200
2013-02-18,7.6200
2013-02-19,7.7200
2013-02-20,7.7200
2013-02-21,7.7500
2013-02-22,7.7500
2013-02-23,7.7500
2013-02-24,7.7500
2013-02-25,7.7300
2013-02-26,7.9400
2013-02-27,7.8200
2013-02-28,7.7800
2013-03-01,8.0800
2013-03-02,8.0800
2013-03-03,8.0800
2013-03-04,8.0600
2013-03-05,7.9200
2013-03-06,8.0600
2013-03-07,8.0300
2013-03-08,8.1500
2013-03-09,8.1500
2013-03-10,8.1500
2013-03-11,8.2000
2013-03-12,8.3300
2013-03-13,8.3400
2013-03-14,8.3600
2013-03-15,8.4700
2013-03-16,8.4700
2013-03-17,8.4700
2013-03-18,8.4900
2013-03-19,8.4400
2013-03-20,8.3700
2013-03-21,8.4800
2013-03-22,8.4800
2013-03-23,8.4800
2013-03-24,8.4800
2013-03-25,8.4000
2013-03-26,8.4800
2013-03-27,8.5000
2013-03-28,8.5000
2013-03-29,8.5000
2013-03-30,8.5000
2013-03-31,8.5000
2013-04-01,8.5000
2013-04-02,8.5000
2013-04-03,8.5400
2013-04-04,8.4400
2013-04-05,8.4100
2013-04-06,8.4100
2013-04-07,8.4100
2013-04-08,8.4500
2013-04-09,8.4400
2013-04-10,8.4800
2013-04-11,8.5200
2013-04-12,8.6300
2013-04-13,8.6300
2013-04-14,8.6300
2013-04-15,8.7300
2013-04-16,8.8700
2013-04-17,8.9300
2013-04-18,9.0500
2013-04-19,9.0400
2013-04-20,9.0400
2013-04-21,9.0400
2013-04-22,8.9300
2013-04-23,8.9300
2013-04-24,8.9000
2013-04-25,8.8500
2013-04-26,9.0100
2013-04-27,9.0100
2013-04-28,9.0100
2013-04-29,9.1600
2013-04-30,9.2100
2013-05-01,9.2100
2013-05-02,9.3100
2013-05-03,9.3100
2013-05-04,9.3100
2013-05-05,9.3100
2013-05-06,9.4700
2013-05-07,9.4300
2013-05-08,9.5400
2013-05-09,9.5500
2013-05-10,9.2400
2013-05-11,9.2400
2013-05-12,9.2400
2013-05-13,9.0100
2013-05-14,8.7100
2013-05-15,8.5900
2013-05-16,9.0200
2013-05-17,9.0600
2013-05-18,9.0600
2013-05-19,9.0600
2013-05-20,8.8300
2013-05-21,8.8700
2013-05-22,8.6600
2013-05-23,8.5100
2013-05-24,8.6200
2013-05-25,8.6200
2013-05-26,8.6200
2013-05-27,8.5300
2013-05-28,8.5300
2013-05-29,8.3400
2013-05-30,8.3200
2013-05-31,8.3200
2013-06-01,8.3200
2013-06-02,8.3200
2013-06-03,8.3200
2013-06-04,8.3200
2013-06-05,8.3000
2013-06-06,8.3500
2013-06-07,8.4100
2013-06-08,8.4100
2013-06-09,8.4100
2013-06-10,8.3600
2013-06-11,8.2800
2013-06-12,8.2700
2013-06-13,8.1600
2013-06-14,8.0500
2013-06-15,8.0500
2013-06-16,8.0500
2013-06-17,8.0200
2013-06-18,7.9000
2013-06-19,7.8700
2013-06-20,7.8700
2013-06-21,7.8700
2013-06-22,7.8700
2013-06-23,7.8700
2013-06-24,8.2500
2013-06-25,8.1800
2013-06-26,8.1000
2013-06-27,7.8800
2013-06-28,7.6500
2013-06-29,7.6500
2013-06-30,7.6500
2013-07-01,7.9000
2013-07-02,7.6300
2013-07-03,7.5900
2013-07-04,7.4000
2013-07-05,7.8600
2013-07-06,7.8600
2013-07-07,7.8600
2013-07-08,7.9200
2013-07-09,7.9200
2013-07-10,8.1700
2013-07-11,8.1200
2013-07-12,8.2000
2013-07-13,8.2000
2013-07-14,8.2000
2013-07-15,8.3300
2013-07-16,8.4800
2013-07-17,8.5400
2013-07-18,8.5400
2013-07-19,8.5400
2013-07-20,8.5400
2013-07-21,8.5400
2013-07-22,8.3200
2013-07-23,8.3100
2013-07-24,8.3100
2013-07-25,8.3100
2013-07-26,8.3100
2013-07-27,8.3100
2013-07-28,8.3100
2013-07-29,8.3000
2013-07-30,8.3200
2013-07-31,8.5300
2013-08-01,8.5300
2013-08-02,8.5300
2013-08-03,8.5300
2013-08-04,8.5300
2013-08-05,8.3000
2013-08-06,8.3000
2013-08-07,8.3000
2013-08-08,8.3000
2013-08-09,8.5500
2013-08-10,8.5500
2013-08-11,8.5500
2013-08-12,8.5000
2013-08-13,8.5700
2013-08-14,8.5700
2013-08-15,8.5000
2013-08-16,8.5000
2013-08-17,8.5000
2013-08-18,8.5000
2013-08-19,8.5000
2013-08-20,8.5000
2013-08-21,8.5400
2013-08-22,8.5500
2013-08-23,8.5100
2013-08-24,8.5100
2013-08-25,8.5100
2013-08-26,8.5500
2013-08-27,8.5700
2013-08-28,8.7400
2013-08-29,8.7400
2013-08-30,8.7400
2013-08-31,8.7400
2013-09-01,8.7400
2013-09-02,8.7000
2013-09-03,8.7000
2013-09-04,8.7000
2013-09-05,8.8800
2013-09-06,8.8800
2013-09-07,8.8800
2013-09-08,8.8800
2013-09-09,8.8800
2013-09-10,8.8700
2013-09-11,8.8700
2013-09-12,9.0000
2013-09-13,9.0000
2013-09-14,9.0000
2013-09-15,9.0000
2013-09-16,9.0500
2013-09-17,9.3000
2013-09-18,9.3000
2013-09-19,9.2700
2013-09-20,9.2700
2013-09-21,9.2700
2013-09-22,9.2700
2013-09-23,9.2200
2013-09-24,9.2500
2013-09-25,9.2200
2013-09-26,9.1000
2013-09-27,9.1000
2013-09-28,9.1000
2013-09-29,9.1000
2013-09-30,9.0000
2013-10-01,8.9800
2013-10-02,9.0000
2013-10-03,9.0500
2013-10-04,9.0500
2013-10-05,9.0500
2013-10-06,9.0500
2013-10-07,9.0500
2013-10-08,9.0500
2013-10-09,9.0500
2013-10-10,9.0500
2013-10-11,9.0500
2013-10-12,9.0500
2013-10-13,9.0500
2013-10-14,9.0500
2013-10-15,9.1000
2013-10-16,9.0000
2013-10-17,9.0000
2013-10-18,9.0000
2013-10-19,9.0000
2013-10-20,9.0000
2013-10-21,9.2000
2013-10-22,9.2700
2013-10-23,9.2700
2013-10-24,9.2700
2013-10-25,9.2700
2013-10-26,9.2700
2013-10-27,9.2700
2013-10-28,9.4000
2013-10-29,9.3000
2013-10-30,9.1100
2013-10-31,9.1600
2013-11-01,9.1600
2013-11-02,9.1600
2013-11-03,9.1600
2013-11-04,9.1600
2013-11-05,9.1800
2013-11-06,9.1800
2013-11-07,9.1800
2013-11-08,9.1800
2013-11-09,9.1800
2013-11-10,9.1800
2013-11-11,9.1700
2013-11-12,9.2300
2013-11-13,9.3000
2013-11-14,9.2500
2013-11-15,9.2500
2013-11-16,9.2500
2013-11-17,9.2500
2013-11-18,9.2500
2013-11-19,9.1500
2013-11-20,9.0500
2013-11-21,8.9500
2013-11-22,8.9500
2013-11-23,8.9500
2013-11-24,8.9500
2013-11-25,8.9500
2013-11-26,8.9700
2013-11-27,8.8700
2013-11-28,8.8700
2013-11-29,8.8700
2013-11-30,8.8700
2013-12-01,8.8700
2013-12-02,8.5200
2013-12-03,8.3200
2013-12-04,8.4000
2013-12-05,8.4800
2013-12-06,8.4800
2013-12-07,8.4800
2013-12-08,8.4800
2013-12-09,8.5300
2013-12-10,8.5800
2013-12-11,8.4400
2013-12-12,8.4400
2013-12-13,8.4600
2013-12-14,8.4600
2013-12-15,8.4600
2013-12-16,8.5600
2013-12-17,8.5600
2013-12-18,8.5600
2013-12-19,8.5300
2013-12-20,8.4700
2013-12-21,8.4700
2013-12-22,8.4700
2013-12-23,8.4800
2013-12-24,8.4800
2013-12-25,8.4800
2013-12-26,8.5800
2013-12-27,8.5100
2013-12-28,8.5100
2013-12-29,8.5100
2013-12-30,8.7000
2013-12-31,8.7000
2014-01-01,8.7000
2014-01-02,8.8800
2014-01-03,8.8900
2014-01-04,8.8900
2014-01-05,8.8900
2014-01-06,9.0000
2014-01-07,9.0000
2014-01-08,9.0000
2014-01-09,9.2200
2014-01-10,9.1500
2014-01-11,9.1500
2014-01-12,9.1500
2014-01-13,9.3000
2014-01-14,9.6000
2014-01-15,9.6000
2014-01-16,9.7100
2014-01-17,9.9500
2014-01-18,9.9500
2014-01-19,9.9500
2014-01-20,9.9500
2014-01-21,10.2300
2014-01-22,10.1100
2014-01-23,10.3000
2014-01-24,11.0000
2014-01-25,11.0000
2014-01-26,11.0000
2014-01-27,11.0000
2014-01-28,10.9300
2014-01-29,10.8300
2014-01-30,11.2700
2014-01-31,11.5400
2014-02-01,11.5400
2014-02-02,11.5400
2014-02-03,12.0000
2014-02-04,12.6500
2014-02-05,12.4300
2014-02-06,12.0000
2014-02-07,11.6200
2014-02-08,11.6200
2014-02-09,11.6200
2014-02-10,10.8000
2014-02-11,10.7400
2014-02-12,10.8700
2014-02-13,10.9500
2014-02-14,10.8700
2014-02-15,10.8700
2014-02-16,10.8700
2014-02-17,10.8700
2014-02-18,10.7700
2014-02-19,10.5000
2014-02-20,10.5500
2014-02-21,10.5800
2014-02-22,10.5800
2014-02-23,10.5800
2014-02-24,10.5500
2014-02-25,10.4000
2014-02-26,10.5100
2014-02-27,10.5000
2014-02-28,10.3400
2014-03-01,10.3400
2014-03-02,10.3400
2014-03-03,10.3400
2014-03-04,10.3400
2014-03-05,10.3500
2014-03-06,10.3200
2014-03-07,10.2000
2014-03-08,10.2000
2014-03-09,10.2000
2014-03-10,10.0700
2014-03-11,10.1900
2014-03-12,10.4000
2014-03-13,10.2800
2014-03-14,10.3900
2014-03-15,10.3900
2014-03-16,10.3900
2014-03-17,10.2800
2014-03-18,10.1400
2014-03-19,10.1400
2014-03-20,10.2900
2014-03-21,10.2700
2014-03-22,10.2700
2014-03-23,10.2700
2014-03-24,10.2700
2014-03-25,10.3000
2014-03-26,10.2900
2014-03-27,10.2100
2014-03-28,10.0200
2014-03-29,10.0200
2014-03-30,10.0200
2014-03-31,10.0000
2014-04-01,10.1700
2014-04-02,10.1700
2014-04-03,10.0100
2014-04-04,9.9300
2014-04-05,9.9300
2014-04-06,9.9300
2014-04-07,9.6500
2014-04-08,9.6700
2014-04-09,9.6000
2014-04-10,9.5200
2014-04-11,9.6100
2014-04-12,9.6100
2014-04-13,9.6100
2014-04-14,9.6600
2014-04-15,9.5900
2014-04-16,9.6200
2014-04-17,9.6200
2014-04-18,9.6200
2014-04-19,9.6200
2014-04-20,9.6200
2014-04-21,9.7500
2014-04-22,9.6700
2014-04-23,9.6400
2014-04-24,9.5900
2014-04-25,9.6700
2014-04-26,9.6700
2014-04-27,9.6700
2014-04-28,9.7300
2014-04-29,10.0200
2014-04-30,10.1200
2014-05-01,10.1200
2014-05-02,10.1200
2014-05-03,10.1200
2014-05-04,10.1200
2014-05-05,9.9600
2014-05-06,9.8400
2014-05-07,9.8500
2014-05-08,9.6100
2014-05-09,9.6600
2014-05-10,9.6600
2014-05-11,9.6600
2014-05-12,9.7700
2014-05-13,9.6800
2014-05-14,9.8600
2014-05-15,10.1300
2014-05-16,10.1900
2014-05-17,10.1900
2014-05-18,10.1900
2014-05-19,10.3000
2014-05-20,10.7600
2014-05-21,10.9200
2014-05-22,10.7700
2014-05-23,10.8700
2014-05-24,10.8700
2014-05-25,10.8700
2014-05-26,10.8100
2014-05-27,10.8100
2014-05-28,11.2000
2014-05-29,11.2700
2014-05-30,11.1300
2014-05-31,11.1300
2014-06-01,11.1300
2014-06-02,10.8800
2014-06-03,10.7700
2014-06-04,10.6500
2014-06-05,10.5600
2014-06-06,10.5900
2014-06-07,10.5900
2014-06-08,10.5900
2014-06-09,10.5000
2014-06-10,10.6800
2014-06-11,10.6000
2014-06-12,10.5100
2014-06-13,10.5100
2014-06-14,10.5100
2014-06-15,10.5100
2014-06-16,10.4400
2014-06-17,10.3800
2014-06-18,10.7100
2014-06-19,10.5100
2014-06-20,10.5100
2014-06-21,10.5100
2014-06-22,10.5100
2014-06-23,10.2500
2014-06-24,10.0700
2014-06-25,10.1200
2014-06-26,10.0500
2014-06-27,10.0000
2014-06-28,10.0000
2014-06-29,10.0000
2014-06-30,10.2800
2014-07-01,10.1100
2014-07-02,10.1200
2014-07-03,10.0900
2014-07-04,10.1000
2014-07-05,10.1000
2014-07-06,10.1000
2014-07-07,10.2000
2014-07-08,10.1000
2014-07-09,10.1000
2014-07-10,10.0800
2014-07-11,9.9300
2014-07-12,9.9300
2014-07-13,9.9300
2014-07-14,9.8800
2014-07-15,10.1200
2014-07-16,10.1300
2014-07-17,10.1100
2014-07-18,10.0800
2014-07-19,10.0800
2014-07-20,10.0800
2014-07-21,9.9800
2014-07-22,9.9600
2014-07-23,9.9100
2014-07-24,9.9300
2014-07-25,9.8100
2014-07-26,9.8100
2014-07-27,9.8100
2014-07-28,9.8000
2014-07-29,10.0700
2014-07-30,10.2600
2014-07-31,10.1200
2014-08-01,10.0000
2014-08-02,10.0000
2014-08-03,10.0000
2014-08-04,10.3400
2014-08-05,10.3500
2014-08-06,10.4200
2014-08-07,10.4200
2014-08-08,10.5600
2014-08-09,10.5600
2014-08-10,10.5600
2014-08-11,10.5000
2014-08-12,10.7600
2014-08-13,11.3100
2014-08-14,11.4700
2014-08-15,11.6000
2014-08-16,11.6000
2014-08-17,11.6000
2014-08-18,11.6000
2014-08-19,11.7500
2014-08-20,11.7800
2014-08-21,12.1900
2014-08-22,12.3800
2014-08-23,12.3800
2014-08-24,12.3800
2014-08-25,12.1600
2014-08-26,12.4000
2014-08-27,12.7100
2014-08-28,12.7100
2014-08-29,12.9500
2014-08-30,12.9500
2014-08-31,12.9500
2014-09-01,12.9500
2014-09-02,12.8400
2014-09-03,12.9000
2014-09-04,12.7500
2014-09-05,12.5400
2014-09-06,12.5400
2014-09-07,12.5400
2014-09-08,12.9600
2014-09-09,13.3000
2014-09-10,13.3200
2014-09-11,13.2500
2014-09-12,13.2700
2014-09-13,13.2700
2014-09-14,13.2700
2014-09-15,13.2200
2014-09-16,13.3300
2014-09-17,13.4200
2014-09-18,13.4900
2014-09-19,13.6100
2014-09-20,13.6100
2014-09-21,13.6100
2014-09-22,13.9100
2014-09-23,14.5300
2014-09-24,14.4900
2014-09-25,14.4900
2014-09-26,14.7300
2014-09-27,14.7300
2014-09-28,14.7300
2014-09-29,14.6900
2014-09-30,14.9100
2014-10-01,15.2000
2014-10-02,14.3600
2014-10-03,13.9000
2014-10-04,13.9000
2014-10-05,13.9000
2014-10-06,15.0000
2014-10-07,14.1700
2014-10-08,14.2700
2014-10-09,13.7700
2014-10-10,13.4600
2014-10-11,13.4600
2014-10-12,13.4600
2014-10-13,13.4600
2014-10-14,13.2900
2014-10-15,13.2400
2014-10-16,13.2500
2014-10-17,13.7900
2014-10-18,13.7900
2014-10-19,13.7900
2014-10-20,13.7000
2014-10-21,14.0700
2014-10-22,13.8200
2014-10-23,13.4700
2014-10-24,13.0700
2014-10-25,13.0700
2014-10-26,13.0700
2014-10-27,13.1900
2014-10-28,13.1700
2014-10-29,12.9300
2014-10-30,13.0400
2014-10-31,13.0500
2014-11-01,13.0500
2014-11-02,13.0500
2014-11-03,13.0500
2014-11-04,13.3800
2014-11-05,13.1900
2014-11-06,13.1900
2014-11-07,12.9800
2014-11-08,12.9800
2014-11-09,12.9800
2014-11-10,12.7300
2014-11-11,12.7800
2014-11-12,12.5500
2014-11-13,12.4500
2014-11-14,12.1300
2014-11-15,12.1300
2014-11-16,12.1300
2014-11-17,12.1200
2014-11-18,12.0800
2014-11-19,11.9200
2014-11-20,11.7500
2014-11-21,11.7800
2014-11-22,11.7800
2014-11-23,11.7800
2014-11-24,11.7800
2014-11-25,11.9800
2014-11-26,11.9700
2014-11-27,11.9700
2014-11-28,11.9700
2014-11-29,11.9700
2014-11-30,11.9700
2014-12-01,12.2700
2014-12-02,11.9000
2014-12-03,11.9100
2014-12-04,11.9900
2014-12-05,12.0100
2014-12-06,12.0100
2014-12-07,12.0100
2014-12-08,12.0100
2014-12-09,11.8800
2014-12-10,11.6600
2014-12-11,11.3000
2014-12-12,11.5300
2014-12-13,11.5300
2014-12-14,11.5300
2014-12-15,11.6500
2014-12-16,11.3900
2014-12-17,11.6500
2014-12-18,11.6500
2014-12-19,11.3300
2014-12-20,11.3300
2014-12-21,11.3300
2014-12-22,11.2400
2014-12-23,11.2900
2014-12-24,11.2900
2014-12-25,11.2900
2014-12-26,11.2900
2014-12-27,11.2900
2014-12-28,11.2900
2014-12-29,11.2700
2014-12-30,11.2600
2014-12-31,11.2600
2015-01-01,11.2600
2015-01-02,11.9300
2015-01-03,11.9300
2015-01-04,11.9300
2015-01-05,12.2400
2015-01-06,11.9800
2015-01-07,12.0900
2015-01-08,12.1300
2015-01-09,12.1700
2015-01-10,12.1700
2015-01-11,12.1700
2015-01-12,12.0200
2015-01-13,12.0700
2015-01-14,12.2200
2015-01-15,12.1600
2015-01-16,12.4500
2015-01-17,12.4500
2015-01-18,12.4500
2015-01-19,12.4100
2015-01-20,12.4100
2015-01-21,12.4600
2015-01-22,12.1600
2015-01-23,12.1000
2015-01-24,12.1000
2015-01-25,12.1000
2015-01-26,12.1800
2015-01-27,12.2000
2015-01-28,12.1900
2015-01-29,12.3100
2015-01-30,12.1900
2015-01-31,12.1900
2015-02-01,12.1900
2015-02-02,12.2200
2015-02-03,12.0200
2015-02-04,12.3300
2015-02-05,12.2700
2015-02-06,12.1100
2015-02-07,12.1100
2015-02-08,12.1100
2015-02-09,12.3100
2015-02-10,12.3000
2015-02-11,12.2500
2015-02-12,12.2100
2015-02-13,12.2000
2015-02-14,12.2000
2015-02-15,12.2000
2015-02-16,12.2000
2015-02-17,12.2000
2015-02-18,12.2900
2015-02-19,12.2300
2015-02-20,12.2200
2015-02-21,12.2200
2015-02-22,12.2200
2015-02-23,11.9600
2015-02-24,11.8900
2015-02-25,11.7400
2015-02-26,11.7700
2015-02-27,11.6800
2015-02-28,11.6800
2015-03-01,11.6800
2015-03-02,11.9200
2015-03-03,11.8200
2015-03-04,11.8400
2015-03-05,11.8200
2015-03-06,11.7400
2015-03-07,11.7400
2015-03-08,11.7400
2015-03-09,11.8700
2015-03-10,11.9100
2015-03-11,11.8700
2015-03-12,11.8600
2015-03-13,11.8100
2015-03-14,11.8100
2015-03-15,11.8100
2015-03-16,11.9700
2015-03-17,12.0000
2015-03-18,11.9100
2015-03-19,12.0400
2015-03-20,12.0700
2015-03-21,12.0700
2015-03-22,12.0700
2015-03-23,12.0700
2015-03-24,12.0700
2015-03-25,11.9700
2015-03-26,12.0100
2015-03-27,11.7500
2015-03-28,11.7500
2015-03-29,11.7500
2015-03-30,11.9000
2015-03-31,11.9700
2015-04-01,12.1300
2015-04-02,12.1300
2015-04-03,12.1300
2015-04-04,12.1300
2015-04-05,12.1300
2015-04-06,11.9900
2015-04-07,12.1300
2015-04-08,12.1300
2015-04-09,11.8500
2015-04-10,11.9500
2015-04-11,11.9500
2015-04-12,11.9500
2015-04-13,11.9300
2015-04-14,11.8600
2015-04-15,12.1500
2015-04-16,12.1400
2015-04-17,12.1400
2015-04-18,12.1400
2015-04-19,12.1400
2015-04-20,12.1100
2015-04-21,11.9800
2015-04-22,11.6900
2015-04-23,11.8800
2015-04-24,11.9500
2015-04-25,11.9500
2015-04-26,11.9500
2015-04-27,11.9700
2015-04-28,11.8000
2015-04-29,11.7800
2015-04-30,11.9400
2015-05-01,11.9400
2015-05-02,11.9400
2015-05-03,11.9400
2015-05-04,11.9300
2015-05-05,11.8800
2015-05-06,11.7700
2015-05-07,11.9000
2015-05-08,11.9200
2015-05-09,11.9200
2015-05-10,11.9200
2015-05-11,12.0100
2015-05-12,11.9600
2015-05-13,11.9600
2015-05-14,11.9700
2015-05-15,11.9400
2015-05-16,11.9400
2015-05-17,11.9400
2015-05-18,12.0500
2015-05-19,11.9900
2015-05-20,11.8300
2015-05-21,11.8300
2015-05-22,11.8000
2015-05-23,11.8000
2015-05-24,11.8000
2015-05-25,11.8000
2015-05-26,11.8400
2015-05-27,11.7000
2015-05-28,11.6900
2015-05-29,11.7100
2015-05-30,11.7100
2015-05-31,11.7100
2015-06-01,11.6800
2015-06-02,11.6600
2015-06-03,11.7200
2015-06-04,11.6700
2015-06-05,11.6100
2015-06-06,11.6100
2015-06-07,11.6100
2015-06-08,11.6500
2015-06-09,11.6400
2015-06-10,11.7500
2015-06-11,11.7000
2015-06-12,11.7400
2015-06-13,11.7400
2015-06-14,11.7400
2015-06-15,11.9600
2015-06-16,11.8600
2015-06-17,12.0700
2015-06-18,12.2000
2015-06-19,12.4300
2015-06-20,12.4300
2015-06-21,12.4300
2015-06-22,12.3700
2015-06-23,12.4700
2015-06-24,12.3600
2015-06-25,12.4800
2015-06-26,12.6800
2015-06-27,12.6800
2015-06-28,12.6800
2015-06-29,12.8600
2015-06-30,12.8700
2015-07-01,13.1400
2015-07-02,13.3800
2015-07-03,13.3800
2015-07-04,13.3800
2015-07-05,13.3800
2015-07-06,13.1900
2015-07-07,13.2600
2015-07-08,13.2800
2015-07-09,13.2800
2015-07-10,13.3500
2015-07-11,13.3500
2015-07-12,13.3500
2015-07-13,13.3400
2015-07-14,13.2700
2015-07-15,13.3500
2015-07-16,13.2900
2015-07-17,13.2600
2015-07-18,13.2600
2015-07-19,13.2600
2015-07-20,13.3400
2015-07-21,13.7200
2015-07-22,13.5800
2015-07-23,13.3300
2015-07-24,13.3400
2015-07-25,13.3400
2015-07-26,13.3400
2015-07-27,13.1400
2015-07-28,13.1400
2015-07-29,13.2500
2015-07-30,13.2400
2015-07-31,13.2800
2015-08-01,13.2800
2015-08-02,13.2800
2015-08-03,13.3100
2015-08-04,13.4500
2015-08-05,13.4000
2015-08-06,13.3400
2015-08-07,13.3300
2015-08-08,13.3300
2015-08-09,13.3300
2015-08-10,13.3700
2015-08-11,13.3500
2015-08-12,13.4100
2015-08-13,13.4300
2015-08-14,13.4300
2015-08-15,13.4300
2015-08-16,13.4300
2015-08-17,13.4300
2015-08-18,13.4400
2015-08-19,13.4300
2015-08-20,13.4200
2015-08-21,13.4600
2015-08-22,13.4600
2015-08-23,13.4600
2015-08-24,13.5200
2015-08-25,13.5100
2015-08-26,13.8000
2015-08-27,13.7400
2015-08-28,13.9800
2015-08-29,13.9800
2015-08-30,13.9800
2015-08-31,13.8900
2015-09-01,13.9100
2015-09-02,13.9700
2015-09-03,14.0800
2015-09-04,13.9500
2015-09-05,13.9500
2015-09-06,13.9500
2015-09-07,13.9500
2015-09-08,13.9500
2015-09-09,14.0700
2015-09-10,14.0400
2015-09-11,14.0900
2015-09-12,14.0900
2015-09-13,14.0900
2015-09-14,14.1000
2015-09-15,14.1300
2015-09-16,14.1200
2015-09-17,14.1300
2015-09-18,14.1300
2015-09-19,14.1300
2015-09-20,14.1300
2015-09-21,14.1700
2015-09-22,14.1500
2015-09-23,13.2000
2015-09-24,13.3000
2015-09-25,13.3400
2015-09-26,13.3400
2015-09-27,13.3400
2015-09-28,13.8300
2015-09-29,13.8700
2015-09-30,13.9400
2015-10-01,13.9300
2015-10-02,13.7000
2015-10-03,13.7000
2015-10-04,13.7000
2015-10-05,13.9000
2015-10-06,14.0200
2015-10-07,13.9900
2015-10-08,13.9400
2015-10-09,13.8700
2015-10-10,13.8700
2015-10-11,13.8700
2015-10-12,13.8700
2015-10-13,13.9500
2015-10-14,13.8500
2015-10-15,13.6700
2015-10-16,13.8000
2015-10-17,13.8000
2015-10-18,13.8000
2015-10-19,13.9700
2015-10-20,14.0500
2015-10-21,13.9400
2015-10-22,14.0400
2015-10-23,14.1100
2015-10-24,14.1100
2015-10-25,14.1100
2015-10-26,14.1200
2015-10-27,14.0400
2015-10-28,13.5700
2015-10-29,13.7000
2015-10-30,13.6600
2015-10-31,13.6600
2015-11-01,13.6600
2015-11-02,13.6900
2015-11-03,13.7400
2015-11-04,13.7700
2015-11-05,13.7400
2015-11-06,13.7400
2015-11-07,13.7400
2015-11-08,13.7400
2015-11-09,13.8600
2015-11-10,14.2900
2015-11-11,14.3700
2015-11-12,14.2500
2015-11-13,14.3700
2015-11-14,14.3700
2015-11-15,14.3700
2015-11-16,14.4600
2015-11-17,14.7700
2015-11-18,14.9200
2015-11-19,14.8600
2015-11-20,14.8900
2015-11-21,14.8900
2015-11-22,14.8900
2015-11-23,14.8600
2015-11-24,14.6000
2015-11-25,14.4000
2015-11-26,14.4000
2015-11-27,14.4000
2015-11-28,14.4000
2015-11-29,14.4000
2015-11-30,14.5100
2015-12-01,14.4700
2015-12-02,14.6800
2015-12-03,14.7300
2015-12-04,14.7900
2015-12-05,14.7900
2015-12-06,14.7900
2015-12-07,14.7900
2015-12-08,14.7900
2015-12-09,15.1300
2015-12-10,15.1700
2015-12-11,15.3500
2015-12-12,15.3500
2015-12-13,15.3500
2015-12-14,15.1300
2015-12-15,14.8800
2015-12-16,14.5300
2015-12-17,14.2600
2015-12-18,14.0200
2015-12-19,14.0200
2015-12-20,14.0200
2015-12-21,13.9300
2015-12-22,13.7400
2015-12-23,13.9000
2015-12-24,13.9000
2015-12-25,13.9000
2015-12-26,13.9000
2015-12-27,13.9000
2015-12-28,14.3300
2015-12-29,14.3400
2015-12-30,14.1400
2015-12-31,14.1400
2016-01-01,14.1400
2016-01-02,14.1400
2016-01-03,14.1400
2016-01-04,13.6900
2016-01-05,13.6600
2016-01-06,14.2000
2016-01-07,14.1600
2016-01-08,14.5400
2016-01-09,14.5400
2016-01-10,14.5400
2016-01-11,14.4700
2016-01-12,14.1900
2016-01-13,13.9700
2016-01-14,13.8300
2016-01-15,13.7100
2016-01-16,13.7100
2016-01-17,13.7100
2016-01-18,13.7100
2016-01-19,13.7800
2016-01-20,13.9000
2016-01-21,13.8600
2016-01-22,13.7400
2016-01-23,13.7400
2016-01-24,13.7400
2016-01-25,14.1400
2016-01-26,14.0200
2016-01-27,14.0000
2016-01-28,14.0000
2016-01-29,13.9800
2016-01-30,13.9800
2016-01-31,13.9800
2016-02-01,14.2400
2016-02-02,14.4000
2016-02-03,14.3300
2016-02-04,14.4100
2016-02-05,14.5100
2016-02-06,14.5100
2016-02-07,14.5100
2016-02-08,14.5100
2016-02-09,14.5100
2016-02-10,14.6300
2016-02-11,14.8500
2016-02-12,14.9500
2016-02-13,14.9500
2016-02-14,14.9500
2016-02-15,14.9500
2016-02-16,15.1800
2016-02-17,15.3500
2016-02-18,15.3600
2016-02-19,15.2800
2016-02-20,15.2800
2016-02-21,15.2800
2016-02-22,15.2000
2016-02-23,15.3200
2016-02-24,15.5200
2016-02-25,15.5400
2016-02-26,15.4500
2016-02-27,15.4500
2016-02-28,15.4500
2016-02-29,15.5700
2016-03-01,15.9000
2016-03-02,16.0300
2016-03-03,15.7600
2016-03-04,15.4900
2016-03-05,15.4900
2016-03-06,15.4900
2016-03-07,15.4600
2016-03-08,15.4800
2016-03-09,15.4100
2016-03-10,15.3500
2016-03-11,15.3400
2016-03-12,15.3400
2016-03-13,15.3400
2016-03-14,14.9500
2016-03-15,14.8100
2016-03-16,14.6400
2016-03-17,14.7200
2016-03-18,14.8800
2016-03-19,14.8800
2016-03-20,14.8800
2016-03-21,14.7600
2016-03-22,14.5600
2016-03-23,14.4600
2016-03-24,14.4600
2016-03-25,14.4600
2016-03-26,14.4600
2016-03-27,14.4600
2016-03-28,14.5000
2016-03-29,14.7400
2016-03-30,14.7500
2016-03-31,14.7900
2016-04-01,14.8200
2016-04-02,14.8200
2016-04-03,14.8200
2016-04-04,14.8600
2016-04-05,14.8600
2016-04-06,14.7900
2016-04-07,14.7500
2016-04-08,14.6100
2016-04-09,14.6100
2016-04-10,14.6100
2016-04-11,14.5600
2016-04-12,14.6100
2016-04-13,14.5200
2016-04-14,14.2700
2016-04-15,14.5100
2016-04-16,14.5100
2016-04-17,14.5100
2016-04-18,14.2900
2016-04-19,14.2400
2016-04-20,14.4100
2016-04-21,14.3900
2016-04-22,14.5100
2016-04-23,14.5100
2016-04-24,14.5100
2016-04-25,14.4700
2016-04-26,14.4200
2016-04-27,14.3700
2016-04-28,14.2500
2016-04-29,14.2600
2016-04-30,14.2600
2016-05-01,14.2600
2016-05-02,14.3400
2016-05-03,14.2400
2016-05-04,14.2600
2016-05-05,13.9600
2016-05-06,14.1900
2016-05-07,14.1900
2016-05-08,14.1900
2016-05-09,14.1600
2016-05-10,14.2300
2016-05-11,14.2300
2016-05-12,14.1500
2016-05-13,14.1500
2016-05-14,14.1500
2016-05-15,14.1500
2016-05-16,14.1700
2016-05-17,14.1700
2016-05-18,14.1000
2016-05-19,14.0300
2016-05-20,14.0100
2016-05-21,14.0100
2016-05-22,14.0100
2016-05-23,14.0500
2016-05-24,13.9700
2016-05-25,13.9700
2016-05-26,14.0700
2016-05-27,14.0500
2016-05-28,14.0500
2016-05-29,14.0500
2016-05-30,14.0500
2016-05-31,14.0500
2016-06-01,14.1400
2016-06-02,14.1000
2016-06-03,14.0300
2016-06-04,14.0300
2016-06-05,14.0300
2016-06-06,13.9800
2016-06-07,13.9300
2016-06-08,13.9800
2016-06-09,13.9100
2016-06-10,13.8800
2016-06-11,13.8800
2016-06-12,13.8800
2016-06-13,13.8800
2016-06-14,13.9100
2016-06-15,13.9200
2016-06-16,13.8700
2016-06-17,13.8700
2016-06-18,13.8700
2016-06-19,13.8700
2016-06-20,13.8700
2016-06-21,14.0300
2016-06-22,14.1100
2016-06-23,14.2800
2016-06-24,14.6000
2016-06-25,14.6000
2016-06-26,14.6000
2016-06-27,14.9700
2016-06-28,15.4000
2016-06-29,15.1400
2016-06-30,15.2000
2016-07-01,15.3200
2016-07-02,15.3200
2016-07-03,15.3200
2016-07-04,15.3200
2016-07-05,15.2200
2016-07-06,14.9800
2016-07-07,14.9500
2016-07-08,14.9500
2016-07-09,14.9500
2016-07-10,14.9500
2016-07-11,14.8900
2016-07-12,14.7900
2016-07-13,14.6800
2016-07-14,14.7200
2016-07-15,14.8300
2016-07-16,14.8300
2016-07-17,14.8300
2016-07-18,15.0300
2016-07-19,15.2700
2016-07-20,15.1700
2016-07-21,15.1800
2016-07-22,15.1600
2016-07-23,15.1600
2016-07-24,15.1600
2016-07-25,15.0600
2016-07-26,15.0700
2016-07-27,15.0300
2016-07-28,15.1000
2016-07-29,15.1100
2016-07-30,15.1100
2016-07-31,15.1100
2016-08-01,15.0800
2016-08-02,15.0300
2016-08-03,14.9300
2016-08-04,14.9600
2016-08-05,15.0400
2016-08-06,15.0400
2016-08-07,15.0400
2016-08-08,14.9700
2016-08-09,14.8500
2016-08-10,14.8500
2016-08-11,14.8500
2016-08-12,14.7700
2016-08-13,14.7700
2016-08-14,14.7700
2016-08-15,14.7700
2016-08-16,14.7700
2016-08-17,14.7600
2016-08-18,14.8300
2016-08-19,14.9500
2016-08-20,14.9500
2016-08-21,14.9500
2016-08-22,14.9300
2016-08-23,14.8800
2016-08-24,14.8700
2016-08-25,14.9100
2016-08-26,14.9900
2016-08-27,14.9900
2016-08-28,14.9900
2016-08-29,15.0500
2016-08-30,15.2000
2016-08-31,15.1000
2016-09-01,14.9900
2016-09-02,14.9500
2016-09-03,14.9500
2016-09-04,14.9500
2016-09-05,14.9500
2016-09-06,15.0600
2016-09-07,15.0800
2016-09-08,15.1300
2016-09-09,15.0400
2016-09-10,15.0400
2016-09-11,15.0400
2016-09-12,15.0100
2016-09-13,15.0400
2016-09-14,15.0600
2016-09-15,15.1000
2016-09-16,15.1000
2016-09-17,15.1000
2016-09-18,15.1000
2016-09-19,15.1700
2016-09-20,15.2600
2016-09-21,15.2400
2016-09-22,15.2400
2016-09-23,15.2300
2016-09-24,15.2300
2016-09-25,15.2300
2016-09-26,15.2000
2016-09-27,15.2200
2016-09-28,15.3500
2016-09-29,15.4100
2016-09-30,15.3900
2016-10-01,15.3900
2016-10-02,15.3900
2016-10-03,15.2800
2016-10-04,15.2200
2016-10-05,15.2400
2016-10-06,15.2400
2016-10-07,15.2600
2016-10-08,15.2600
2016-10-09,15.2600
2016-10-10,15.2600
2016-10-11,15.2800
2016-10-12,15.2600
2016-10-13,15.2000
2016-10-14,15.2100
2016-10-15,15.2100
2016-10-16,15.2100
2016-10-17,15.1600
2016-10-18,15.2500
2016-10-19,15.2500
2016-10-20,15.2800
2016-10-21,15.2600
2016-10-22,15.2600
2016-10-23,15.2600
2016-10-24,15.2200
2016-10-25,15.2000
2016-10-26,15.2600
2016-10-27,15.2600
2016-10-28,15.2400
2016-10-29,15.2400
2016-10-30,15.2400
2016-10-31,15.2900
2016-11-01,15.2300
2016-11-02,15.1600
2016-11-03,15.1900
2016-11-04,15.1700
2016-11-05,15.1700
2016-11-06,15.1700
2016-11-07,15.1300
2016-11-08,15.1600
2016-11-09,15.0500
2016-11-10,15.0200
2016-11-11,15.1000
2016-11-12,15.1000
2016-11-13,15.1000
2016-11-14,15.4700
2016-11-15,15.7700
2016-11-16,15.6100
2016-11-17,15.6500
2016-11-18,15.6200
2016-11-19,15.6200
2016-11-20,15.6200
2016-11-21,15.6000
2016-11-22,15.5300
2016-11-23,15.5800
2016-11-24,15.5800
2016-11-25,15.5800
2016-11-26,15.5800
2016-11-27,15.5800
2016-11-28,15.5800
2016-11-29,15.6500
2016-11-30,15.7900
2016-12-01,15.9600
2016-12-02,15.8600
2016-12-03,15.8600
2016-12-04,15.8600
2016-12-05,16.0200
2016-12-06,16.0700
2016-12-07,15.9800
2016-12-08,15.9800
2016-12-09,15.9800
2016-12-10,15.9800
2016-12-11,15.9800
2016-12-12,16.0700
2016-12-13,16.1200
2016-12-14,16.0900
2016-12-15,16.0600
2016-12-16,16.0500
2016-12-17,16.0500
2016-12-18,16.0500
2016-12-19,16.0900
2016-12-20,15.9800
2016-12-21,15.9600
2016-12-22,16.0100
2016-12-23,15.8700
2016-12-24,15.8700
2016-12-25,15.8700
2016-12-26,15.8700
2016-12-27,15.7100
2016-12-28,15.7300
2016-12-29,15.8700
2016-12-30,15.8700
2016-12-31,15.8700
2017-01-01,15.8700
2017-01-02,15.8700
2017-01-03,16.0900
2017-01-04,16.0200
2017-01-05,16.0300
2017-01-06,16.0600
2017-01-07,16.0600
2017-01-08,16.0600
2017-01-09,15.9100
2017-01-10,16.0000
2017-01-11,15.8900
2017-01-12,15.8200
2017-01-13,15.8400
2017-01-14,15.8400
2017-01-15,15.8400
2017-01-16,15.8400
2017-01-17,15.9200
2017-01-18,16.0200
2017-01-19,16.0000
2017-01-20,15.9600
2017-01-21,15.9600
2017-01-22,15.9600
2017-01-23,15.9700
2017-01-24,15.9300
2017-01-25,15.9600
2017-01-26,16.0000
2017-01-27,16.0000
2017-01-28,16.0000
2017-01-29,16.0000
2017-01-30,16.0100
2017-01-31,16.0100
2017-02-01,15.9600
2017-02-02,15.8500
2017-02-03,15.8400
2017-02-04,15.8400
2017-02-05,15.8400
2017-02-06,15.7300
2017-02-07,15.7900
2017-02-08,15.7400
2017-02-09,15.7300
2017-02-10,15.6300
2017-02-11,15.6300
2017-02-12,15.6300
2017-02-13,15.6000
2017-02-14,15.5700
2017-02-15,15.5600
2017-02-16,15.4800
2017-02-17,15.4900
2017-02-18,15.4900
2017-02-19,15.4900
2017-02-20,15.4900
2017-02-21,15.7300
2017-02-22,15.6800
2017-02-23,15.6800
2017-02-24,15.6200
2017-02-25,15.6200
2017-02-26,15.6200
2017-02-27,15.6200
2017-02-28,15.6200
2017-03-01,15.5900
2017-03-02,15.5300
2017-03-03,15.5300
2017-03-04,15.5300
2017-03-05,15.5300
2017-03-06,15.5800
2017-03-07,15.5300
2017-03-08,15.6400
2017-03-09,15.6900
2017-03-10,15.6200
2017-03-11,15.6200
2017-03-12,15.6200
2017-03-13,15.5700
2017-03-14,15.5300
2017-03-15,15.5600
2017-03-16,15.6300
2017-03-17,15.5900
2017-03-18,15.5900
2017-03-19,15.5900
2017-03-20,15.5700
2017-03-21,15.6700
2017-03-22,15.6300
2017-03-23,15.6200
2017-03-24,15.6200
2017-03-25,15.6200
2017-03-26,15.6200
2017-03-27,15.6100
2017-03-28,15.6300
2017-03-29,15.5900
2017-03-30,15.5000
2017-03-31,15.4900
2017-04-01,15.4900
2017-04-02,15.4900
2017-04-03,15.5100
2017-04-04,15.4900
2017-04-05,15.4900
2017-04-06,15.4800
2017-04-07,15.5100
2017-04-08,15.5100
2017-04-09,15.5100
2017-04-10,15.4600
2017-04-11,15.4300
2017-04-12,15.4800
2017-04-13,15.4800
2017-04-14,15.4800
2017-04-15,15.4800
2017-04-16,15.4800
2017-04-17,15.4800
2017-04-18,15.4800
2017-04-19,15.6500
2017-04-20,15.7600
2017-04-21,15.4700
2017-04-22,15.4700
2017-04-23,15.4700
2017-04-24,15.5300
2017-04-25,15.4700
2017-04-26,15.4300
2017-04-27,15.5100
2017-04-28,15.4800
2017-04-29,15.4800
2017-04-30,15.4800
2017-05-01,15.4800
2017-05-02,15.4500
2017-05-03,15.3200
2017-05-04,15.3500
2017-05-05,15.3900
2017-05-06,15.3900
2017-05-07,15.3900
2017-05-08,15.3400
2017-05-09,15.4600
2017-05-10,15.5600
2017-05-11,15.5000
2017-05-12,15.5000
2017-05-13,15.5000
2017-05-14,15.5000
2017-05-15,15.5300
2017-05-16,15.5900
2017-05-17,15.6300
2017-05-18,15.6700
2017-05-19,15.9000
2017-05-20,15.9000
2017-05-21,15.9000
2017-05-22,15.9200
2017-05-23,16.2100
2017-05-24,16.2000
2017-05-25,16.2000
2017-05-26,16.2200
2017-05-27,16.2200
2017-05-28,16.2200
2017-05-29,16.2200
2017-05-30,16.0900
2017-05-31,16.2200
2017-06-01,16.2000
2017-06-02,16.1000
2017-06-03,16.1000
2017-06-04,16.1000
2017-06-05,16.1100
2017-06-06,16.1100
2017-06-07,16.1500
2017-06-08,16.1000
2017-06-09,15.9700
2017-06-10,15.9700
2017-06-11,15.9700
2017-06-12,15.9000
2017-06-13,15.9000
2017-06-14,15.8700
2017-06-15,15.9400
2017-06-16,16.0000
2017-06-17,16.0000
2017-06-18,16.0000
2017-06-19,16.0700
2017-06-20,16.0700
2017-06-21,16.1300
2017-06-22,16.1600
2017-06-23,16.1500
2017-06-24,16.1500
2017-06-25,16.1500
2017-06-26,16.2500
2017-06-27,16.3700
2017-06-28,16.3200
2017-06-29,16.4100
2017-06-30,16.4500
2017-07-01,16.4500
2017-07-02,16.4500
2017-07-03,16.6400
2017-07-04,16.6400
2017-07-05,16.8400
2017-07-06,17.0900
2017-07-07,16.9600
2017-07-08,16.9600
2017-07-09,16.9600
2017-07-10,16.9400
2017-07-11,17.0200
2017-07-12,17.1400
2017-07-13,17.1100
2017-07-14,17.0900
2017-07-15,17.0900
2017-07-16,17.0900
2017-07-17,16.9600
2017-07-18,17.0000
2017-07-19,17.2100
2017-07-20,17.2200
2017-07-21,17.3200
2017-07-22,17.3200
2017-07-23,17.3200
2017-07-24,17.5500
2017-07-25,17.5600
2017-07-26,17.5900
2017-07-27,17.5400
2017-07-28,17.8100
2017-07-29,17.8100
2017-07-30,17.8100
2017-07-31,17.8700
2017-08-01,17.7200
2017-08-02,17.7200
2017-08-03,17.6400
2017-08-04,17.7200
2017-08-05,17.7200
2017-08-06,17.7200
2017-08-07,17.7100
2017-08-08,17.8000
2017-08-09,17.8300
2017-08-10,17.8100
2017-08-11,17.7800
2017-08-12,17.7800
2017-08-13,17.7800
2017-08-14,17.9100
2017-08-15,17.2100
2017-08-16,17.1200
2017-08-17,17.2600
2017-08-18,17.3500
2017-08-19,17.3500
2017-08-20,17.3500
2017-08-21,17.3500
2017-08-22,17.3000
2017-08-23,17.2500
2017-08-24,17.3700
2017-08-25,17.2400
2017-08-26,17.2400
2017-08-27,17.2400
2017-08-28,17.2400
2017-08-29,17.2500
2017-08-30,17.3900
2017-08-31,17.5000
2017-09-01,17.4000
2017-09-02,17.4000
2017-09-03,17.4000
2017-09-04,17.4000
2017-09-05,17.3200
2017-09-06,17.3400
2017-09-07,17.2700
2017-09-08,17.2500
2017-09-09,17.2500
2017-09-10,17.2500
2017-09-11,17.2200
2017-09-12,17.2000
2017-09-13,17.1000
2017-09-14,17.1200
2017-09-15,17.0200
2017-09-16,17.0200
2017-09-17,17.0200
2017-09-18,17.0400
2017-09-19,17.1900
2017-09-20,17.1900
2017-09-21,17.2600
2017-09-22,17.3300
2017-09-23,17.3300
2017-09-24,17.3300
2017-09-25,17.3900
2017-09-26,17.5500
2017-09-27,17.5800
2017-09-28,17.5700
2017-09-29,17.6000
2017-09-30,17.6000
2017-10-01,17.6000
2017-10-02,17.4100
2017-10-03,17.4500
2017-10-04,17.5300
2017-10-05,17.4400
2017-10-06,17.4400
2017-10-07,17.4400
2017-10-08,17.4400
2017-10-09,17.5000
2017-10-10,17.5500
2017-10-11,17.5100
2017-10-12,17.5400
2017-10-13,17.5100
2017-10-14,17.5100
2017-10-15,17.5100
2017-10-16,17.5100
2017-10-17,17.5500
2017-10-18,17.4900
2017-10-19,17.3800
2017-10-20,17.4500
2017-10-21,17.4500
2017-10-22,17.4500
2017-10-23,17.4900
2017-10-24,17.4900
2017-10-25,17.4800
2017-10-26,17.4500
2017-10-27,17.7300
2017-10-28,17.7300
2017-10-29,17.7300
2017-10-30,17.6300
2017-10-31,17.7300
2017-11-01,17.7000
2017-11-02,17.6000
2017-11-03,17.5200
2017-11-04,17.5200
2017-11-05,17.5200
2017-11-06,17.5200
2017-11-07,17.6700
2017-11-08,17.6000
2017-11-09,17.5300
2017-11-10,17.4900
2017-11-11,17.4900
2017-11-12,17.4900
2017-11-13,17.4000
2017-11-14,17.5400
2017-11-15,17.5100
2017-11-16,17.5100
2017-11-17,17.5100
2017-11-18,17.5100
2017-11-19,17.5100
2017-11-20,17.5100
2017-11-21,17.5100
2017-11-22,17.5100
2017-11-23,17.5100
2017-11-24,17.5100
2017-11-25,17.5100
2017-11-26,17.5100
2017-11-27,17.5100
2017-11-28,17.5100
2017-11-29,17.5100
2017-11-30,17.5100
2017-12-01,17.5100
2017-12-02,17.5100
2017-12-03,17.5100
2017-12-04,17.5100
2017-12-05,17.5100
2017-12-06,17.5100
2017-12-07,17.5100
2017-12-08,17.5100
2017-12-09,17.5100
2017-12-10,17.5100
2017-12-11,17.3200
2017-12-12,17.2900
2017-12-13,17.2900
2017-12-14,17.3800
2017-12-15,17.5200
2017-12-16,17.5200
2017-12-17,17.5200
2017-12-18,17.7200
2017-12-19,17.7600
2017-12-20,17.8400
2017-12-21,17.7800
2017-12-22,17.9700
2017-12-23,17.9700
2017-12-24,17.9700
2017-12-25,17.9700
2017-12-26,18.0600
2017-12-27,18.3100
2017-12-28,18.3800
2017-12-29,18.9300
2017-12-30,18.9300
2017-12-31,18.9300
2018-01-01,18.9300
2018-01-02,18.7200
2018-01-03,18.3800
2018-01-04,18.5300
2018-01-05,18.8200
2018-01-06,18.8200
2018-01-07,18.8200
2018-01-08,18.8900
2018-01-09,19.1200
2018-01-10,18.9800
2018-01-11,18.6400
2018-01-12,18.8300
2018-01-13,18.8300
2018-01-14,18.8300
2018-01-15,18.8300
2018-01-16,18.7800
2018-01-17,19.0500
2018-01-18,18.9400
2018-01-19,18.9500
2018-01-20,18.9500
2018-01-21,18.9500
2018-01-22,19.0200
2018-01-23,19.1700
2018-01-24,19.3800
2018-01-25,19.6400
2018-01-26,19.6400
2018-01-27,19.6400
2018-01-28,19.6400
2018-01-29,19.6200
2018-01-30,19.6200
2018-01-31,19.6800
2018-02-01,19.7000
2018-02-02,19.4900
2018-02-03,19.4900
2018-02-04,19.4900
2018-02-05,19.5100
2018-02-06,19.4800
2018-02-07,19.5800
2018-02-08,19.7000
2018-02-09,20.0000
2018-02-10,20.0000
2018-02-11,20.0000
2018-02-12,20.0000
2018-02-13,20.0000
2018-02-14,20.0300
2018-02-15,20.1500
2018-02-16,20.0300
2018-02-17,20.0300
2018-02-18,20.0300
2018-02-19,20.0300
2018-02-20,20.1100
2018-02-21,19.9800
2018-02-22,20.0100
2018-02-23,20.0600
2018-02-24,20.0600
2018-02-25,20.0600
2018-02-26,20.0300
2018-02-27,20.3200
2018-02-28,20.3100
2018-03-01,20.1600
2018-03-02,20.3800
2018-03-03,20.3800
2018-03-04,20.3800
2018-03-05,20.4300
2018-03-06,20.3300
2018-03-07,20.4100
2018-03-08,20.4200
2018-03-09,20.4500
2018-03-10,20.4500
2018-03-11,20.4500
2018-03-12,20.3200
2018-03-13,20.2900
2018-03-14,20.2500
2018-03-15,20.2200
2018-03-16,20.2900
2018-03-17,20.2900
2018-03-18,20.2900
2018-03-19,20.2300
2018-03-20,20.2300
2018-03-21,20.2300
2018-03-22,20.2300
2018-03-23,20.2300
2018-03-24,20.2300
2018-03-25,20.2300
2018-03-26,20.2300
2018-03-27,20.2300
2018-03-28,20.2300
2018-03-29,20.2300
2018-03-30,20.2300
2018-03-31,20.2300
2018-04-01,20.2300
2018-04-02,20.2300
2018-04-03,20.2300
2018-04-04,20.2300
2018-04-05,20.2300
2018-04-06,20.2300
2018-04-07,20.2300
2018-04-08,20.2300
2018-04-09,20.2500
2018-04-10,20.3000
2018-04-11,20.2000
2018-04-12,20.1900
2018-04-13,20.1900
2018-04-14,20.1900
2018-04-15,20.1900
2018-04-16,20.2100
2018-04-17,20.1800
2018-04-18,20.1900
2018-04-19,20.1400
2018-04-20,20.2300
2018-04-21,20.2300
2018-04-22,20.2300
2018-04-23,20.2400
2018-04-24,20.2600
2018-04-25,20.2300
2018-04-26,20.2200
2018-04-27,20.8300
2018-04-28,20.8300
2018-04-29,20.8300
2018-04-30,20.8300
2018-05-01,20.8300
2018-05-02,20.6600
2018-05-03,21.2900
2018-05-04,22.7500
2018-05-05,22.7500
2018-05-06,22.7500
2018-05-07,22.0300
2018-05-08,22.3800
2018-05-09,22.3800
2018-05-10,22.6800
2018-05-11,22.6000
2018-05-12,22.6000
2018-05-13,22.6000
2018-05-14,24.1300
2018-05-15,25.7300
2018-05-16,24.8000
2018-05-17,24.9100
2018-05-18,24.9100
2018-05-19,24.9100
2018-05-20,24.9100
2018-05-21,24.9100
2018-05-22,24.4900
2018-05-23,24.3200
2018-05-24,24.4200
2018-05-25,24.4200
2018-05-26,24.4200
2018-05-27,24.4200
2018-05-28,24.4200
2018-05-29,24.7400
2018-05-30,24.9300
2018-05-31,24.9600
2018-06-01,25.0200
2018-06-02,25.0200
2018-06-03,25.0200
2018-06-04,25.1700
2018-06-05,24.9900
2018-06-06,25.1200
2018-06-07,25.0500
2018-06-08,25.0300
2018-06-09,25.0300
2018-06-10,25.0300
2018-06-11,25.4900
2018-06-12,26.0500
2018-06-13,26.7000
2018-06-14,26.2700
2018-06-15,28.1800
2018-06-16,28.1800
2018-06-17,28.1800
2018-06-18,28.5100
2018-06-19,27.6000
2018-06-20,27.6000
2018-06-21,28.2300
2018-06-22,28.0700
2018-06-23,28.0700
2018-06-24,28.0700
2018-06-25,27.3600
2018-06-26,27.1900
2018-06-27,27.2900
2018-06-28,27.2900
2018-06-29,28.2300
2018-06-30,28.2300
2018-07-01,28.2300
2018-07-02,28.6400
2018-07-03,28.6700
2018-07-04,28.6700
2018-07-05,27.9800
2018-07-06,28.2700
2018-07-07,28.2700
2018-07-08,28.2700
2018-07-09,28.2700
2018-07-10,28.0500
2018-07-11,27.2900
2018-07-12,27.4300
2018-07-13,27.2800
2018-07-14,27.2800
2018-07-15,27.2800
2018-07-16,27.2800
2018-07-17,27.3100
2018-07-18,27.6200
2018-07-19,27.7200
2018-07-20,27.7400
2018-07-21,27.7400
2018-07-22,27.7400
2018-07-23,27.6900
2018-07-24,27.7300
2018-07-25,27.4800
2018-07-26,27.4000
2018-07-27,27.4700
2018-07-28,27.4700
2018-07-29,27.4700
2018-07-30,27.3700
2018-07-31,27.3300
2018-08-01,27.4500
2018-08-02,27.6400
2018-08-03,27.4300
2018-08-04,27.4300
2018-08-05,27.4300
2018-08-06,27.3000
2018-08-07,27.3100
2018-08-08,27.2800
2018-08-09,27.6500
2018-08-10,28.1000
2018-08-11,28.1000
2018-08-12,28.1000
2018-08-13,29.5500
2018-08-14,30.2100
2018-08-15,29.9000
2018-08-16,30.3300
2018-08-17,30.0300
2018-08-18,30.0300
2018-08-19,30.0300
2018-08-20,30.0300
2018-08-21,30.0500
2018-08-22,30.0600
2018-08-23,30.3200
2018-08-24,30.5600
2018-08-25,30.5600
2018-08-26,30.5600
2018-08-27,30.9400
2018-08-28,31.1700
2018-08-29,31.8100
2018-08-30,33.7600
2018-08-31,39.5000
2018-09-01,39.5000
2018-09-02,39.5000
2018-09-03,39.5000
2018-09-04,37.8700
2018-09-05,39.1900
2018-09-06,37.7200
2018-09-07,37.7200
2018-09-08,37.7200
2018-09-09,37.7200
2018-09-10,37.1900
2018-09-11,37.6000
2018-09-12,38.1900
2018-09-13,38.6400
2018-09-14,39.9100
2018-09-15,39.9100
2018-09-16,39.9100
2018-09-17,40.0700
2018-09-18,39.8000
2018-09-19,40.1400
2018-09-20,39.5000
2018-09-21,38.1700
2018-09-22,38.1700
2018-09-23,38.1700
2018-09-24,37.3100
2018-09-25,37.4800
2018-09-26,38.3800
2018-09-27,38.4800
2018-09-28,39.7700
2018-09-29,39.7700
2018-09-30,39.7700
2018-10-01,41.4100
2018-10-02,39.5300
2018-10-03,38.1500
2018-10-04,37.7300
2018-10-05,37.7300
2018-10-06,37.7300
2018-10-07,37.7300
2018-10-08,37.8200
2018-10-09,37.4200
2018-10-10,37.0800
2018-10-11,37.5100
2018-10-12,36.8700
2018-10-13,36.8700
2018-10-14,36.8700
2018-10-15,36.8700
2018-10-16,37.1400
2018-10-17,36.2000
2018-10-18,36.3100
2018-10-19,36.8300
2018-10-20,36.8300
2018-10-21,36.8300
2018-10-22,36.6200
2018-10-23,36.6800
2018-10-24,36.9000
2018-10-25,37.3500
2018-10-26,36.9100
2018-10-27,36.9100
2018-10-28,36.9100
2018-10-29,36.8100
2018-10-30,37.0800
2018-10-31,36.6800
2018-11-01,35.8500
2018-11-02,35.9400
2018-11-03,35.9400
2018-11-04,35.9400
2018-11-05,35.5700
2018-11-06,35.5700
2018-11-07,35.7200
2018-11-08,35.7500
2018-11-09,35.7100
2018-11-10,35.7100
2018-11-11,35.7100
2018-11-12,35.6000
2018-11-13,35.4400
2018-11-14,35.4400
2018-11-15,36.0800
2018-11-16,36.0800
2018-11-17,36.0800
2018-11-18,36.0800
2018-11-19,36.0800
2018-11-20,36.0100
2018-11-21,36.2300
2018-11-22,36.2300
2018-11-23,36.2300
2018-11-24,36.2300
2018-11-25,36.2300
2018-11-26,37.8100
2018-11-27,38.7200
2018-11-28,38.5900
2018-11-29,38.5800
2018-11-30,38.5800
2018-12-01,38.5800
2018-12-02,38.5800
2018-12-03,37.6900
2018-12-04,36.6100
2018-12-05,36.6100
2018-12-06,37.4000
2018-12-07,38.0300
2018-12-08,38.0300
2018-12-09,38.0300
2018-12-10,37.6400
2018-12-11,37.6500
2018-12-12,37.6500
2018-12-13,37.5900
2018-12-14,37.8400
2018-12-15,37.8400
2018-12-16,37.8400
2018-12-17,38.5700
2018-12-18,38.5700
2018-12-19,38.4900
2018-12-20,38.6100
2018-12-21,38.5900
2018-12-22,38.5900
2018-12-23,38.5900
2018-12-24,38.5900
2018-12-25,38.5900
2018-12-26,38.1000
2018-12-27,38.4600
2018-12-28,38.5400
2018-12-29,38.5400
2018-12-30,38.5400
2018-12-31,38.5400
2019-01-01,38.5400
2019-01-02,37.8100
2019-01-03,37.8100
2019-01-04,37.6100
2019-01-05,37.6100
2019-01-06,37.6100
2019-01-07,37.4700
2019-01-08,37.5000
2019-01-09,37.5100
2019-01-10,37.4600
2019-01-11,37.2400
2019-01-12,37.2400
2019-01-13,37.2400
2019-01-14,37.0900
2019-01-15,36.8900
2019-01-16,37.0900
2019-01-17,37.6200
2019-01-18,37.9000
2019-01-19,37.9000
2019-01-20,37.9000
2019-01-21,37.9000
2019-01-22,37.7800
2019-01-23,37.6300
2019-01-24,37.6300
2019-01-25,37.4800
2019-01-26,37.4800
2019-01-27,37.4800
2019-01-28,37.0100
2019-01-29,37.0800
2019-01-30,37.5000
2019-01-31,37.4100
2019-02-01,37.4500
2019-02-02,37.4500
2019-02-03,37.4500
2019-02-04,37.3100
2019-02-05,37.1300
2019-02-06,37.1500
2019-02-07,37.4800
2019-02-08,37.7600
2019-02-09,37.7600
2019-02-10,37.7600
2019-02-11,37.8500
2019-02-12,38.0500
2019-02-13,38.0200
2019-02-14,38.2300
2019-02-15,38.3500
2019-02-16,38.3500
2019-02-17,38.3500
2019-02-18,38.3500
2019-02-19,39.3200
2019-02-20,39.9600
2019-02-21,39.9600
2019-02-22,39.7600
2019-02-23,39.7600
2019-02-24,39.7600
2019-02-25,39.3400
2019-02-26,39.1900
2019-02-27,39.0900
2019-02-28,39.0400
2019-03-01,39.3500
2019-03-02,39.3500
2019-03-03,39.3500
2019-03-04,39.3500
2019-03-05,39.3500
2019-03-06,40.3100
2019-03-07,40.7600
2019-03-08,42.8000
2019-03-09,42.8000
2019-03-10,42.8000
2019-03-11,41.4300
2019-03-12,41.3200
2019-03-13,41.3900
2019-03-14,41.2700
2019-03-15,40.8000
2019-03-16,40.8000
2019-03-17,40.8000
2019-03-18,40.1300
2019-03-19,40.0200
2019-03-20,40.3100
2019-03-21,40.7400
2019-03-22,40.9600
2019-03-23,40.9600
2019-03-24,40.9600
2019-03-25,42.0700
2019-03-26,42.0400
2019-03-27,42.5800
2019-03-28,43.9200
2019-03-29,43.6700
2019-03-30,43.6700
2019-03-31,43.6700
2019-04-01,43.5300
2019-04-02,43.5300
2019-04-03,43.2700
2019-04-04,42.7100
2019-04-05,43.4000
2019-04-06,43.4000
2019-04-07,43.4000
2019-04-08,43.4900
2019-04-09,43.4900
2019-04-10,43.4100
2019-04-11,43.0500
2019-04-12,42.9700
2019-04-13,42.9700
2019-04-14,42.9700
2019-04-15,42.2600
2019-04-16,41.7700
2019-04-17,43.0600
2019-04-18,43.0600
2019-04-19,43.0600
2019-04-20,43.0600
2019-04-21,43.0600
2019-04-22,42.3600
2019-04-23,42.6800
2019-04-24,42.4300
2019-04-25,44.5400
2019-04-26,45.1000
2019-04-27,45.1000
2019-04-28,45.1000
2019-04-29,46.4600
2019-04-30,46.4600
2019-05-01,46.4600
2019-05-02,44.3800
2019-05-03,44.9900
2019-05-04,44.9900
2019-05-05,44.9900
2019-05-06,44.6600
2019-05-07,44.9300
2019-05-08,45.4300
2019-05-09,45.4200
2019-05-10,45.2400
2019-05-11,45.2400
2019-05-12,45.2400
2019-05-13,45.0700
2019-05-14,45.3600
2019-05-15,45.8500
2019-05-16,44.9700
2019-05-17,45.1200
2019-05-18,45.1200
2019-05-19,45.1200
2019-05-20,45.3100
2019-05-21,45.4000
2019-05-22,44.9200
2019-05-23,44.9200
2019-05-24,45.3100
2019-05-25,45.3100
2019-05-26,45.3100
2019-05-27,45.3100
2019-05-28,45.1600
2019-05-29,44.8800
2019-05-30,44.7800
2019-05-31,44.8600
2019-06-01,44.8600
2019-06-02,44.8600
2019-06-03,44.8400
2019-06-04,44.8700
2019-06-05,44.4900
2019-06-06,44.7400
2019-06-07,44.9500
2019-06-08,44.9500
2019-06-09,44.9500
2019-06-10,44.9600
2019-06-11,44.7800
2019-06-12,44.1000
2019-06-13,42.9300
2019-06-14,43.5600
2019-06-15,43.5600
2019-06-16,43.5600
2019-06-17,43.5600
2019-06-18,44.2600
2019-06-19,43.7200
2019-06-20,43.7200
2019-06-21,43.5000
2019-06-22,43.5000
2019-06-23,43.5000
2019-06-24,43.0200
2019-06-25,42.6800
2019-06-26,42.6000
2019-06-27,42.7400
2019-06-28,43.0700
2019-06-29,43.0700
2019-06-30,43.0700
2019-07-01,43.0500
2019-07-02,42.4600
2019-07-03,42.2500
2019-07-04,42.2500
2019-07-05,42.2900
2019-07-06,42.2900
2019-07-07,42.2900
2019-07-08,42.2900
2019-07-09,42.2900
2019-07-10,42.2100
2019-07-11,41.9500
2019-07-12,41.9200
2019-07-13,41.9200
2019-07-14,41.9200
2019-07-15,41.9400
2019-07-16,42.4400
2019-07-17,42.8200
2019-07-18,42.6400
2019-07-19,42.6200
2019-07-20,42.6200
2019-07-21,42.6200
2019-07-22,42.6200
2019-07-23,42.4700
2019-07-24,42.9800
2019-07-25,43.4100
2019-07-26,43.7900
2019-07-27,43.7900
2019-07-28,43.7900
2019-07-29,43.5100
2019-07-30,43.8800
2019-07-31,44.0400
2019-08-01,44.7800
2019-08-02,44.7800
2019-08-03,44.7800
2019-08-04,44.7800
2019-08-05,45.0400
2019-08-06,45.7500
2019-08-07,45.7800
2019-08-08,45.6600
2019-08-09,45.5100
2019-08-10,45.5100
2019-08-11,45.5100
2019-08-12,46.1900
2019-08-13,55.3900
2019-08-14,57.5000
2019-08-15,60.9500
2019-08-16,58.1500
2019-08-17,58.1500
2019-08-18,58.1500
2019-08-19,58.1500
2019-08-20,56.8700
2019-08-21,56.2300
2019-08-22,55.5600
2019-08-23,55.3200
2019-08-24,55.3200
2019-08-25,55.3200
2019-08-26,55.5600
2019-08-27,55.9400
2019-08-28,57.1500
2019-08-29,60.8700
2019-08-30,59.6800
2019-08-31,59.6800
2019-09-01,59.6800
2019-09-02,65.2200
2019-09-03,61.8700
2019-09-04,62.0600
2019-09-05,61.8000
2019-09-06,61.9600
2019-09-07,61.9600
2019-09-08,61.9600
2019-09-09,64.7400
2019-09-10,64.0600
2019-09-11,66.2400
2019-09-12,67.6200
2019-09-13,68.7800
2019-09-14,68.7800
2019-09-15,68.7800
2019-09-16,71.2300
2019-09-17,69.0300
2019-09-18,68.6500
2019-09-19,69.4000
2019-09-20,68.8700
2019-09-21,68.8700
2019-09-22,68.8700
2019-09-23,68.2900
2019-09-24,67.4500
2019-09-25,65.9300
2019-09-26,63.7600
2019-09-27,64.0900
2019-09-28,64.0900
2019-09-29,64.0900
2019-09-30,62.5800
2019-10-01,63.3100
2019-10-02,66.0800
2019-10-03,67.9100
2019-10-04,65.7100
2019-10-05,65.7100
2019-10-06,65.7100
2019-10-07,66.9700
2019-10-08,64.6800
2019-10-09,67.3400
2019-10-10,68.1600
2019-10-11,68.2300
2019-10-12,68.2300
2019-10-13,68.2300
2019-10-14,68.2300
2019-10-15,68.4500
2019-10-16,68.6500
2019-10-17,69.3100
2019-10-18,73.8300
2019-10-19,73.8300
2019-10-20,73.8300
2019-10-21,73.8300
2019-10-22,75.1700
2019-10-23,79.5900
2019-10-24,77.3800
2019-10-25,79.6200
2019-10-26,79.6200
2019-10-27,79.6200
2019-10-28,81.0800
2019-10-29,81.5300
2019-10-30,75.7000
2019-10-31,78.5400
2019-11-01,79.9700
2019-11-02,79.9700
2019-11-03,79.9700
2019-11-04,80.0000
2019-11-05,79.0300
2019-11-06,79.0300
2019-11-07,78.4900
2019-11-08,78.2200
2019-11-09,78.2200
2019-11-10,78.2200
2019-11-11,78.2000
2019-11-12,77.1200
2019-11-13,78.1100
2019-11-14,75.9700
2019-11-15,76.7700
2019-11-16,76.7700
2019-11-17,76.7700
2019-11-18,76.7700
2019-11-19,75.6700
2019-11-20,75.8400
2019-11-21,75.3400
2019-11-22,75.0200
2019-11-23,75.0200
2019-11-24,75.0200
2019-11-25,75.0200
2019-11-26,74.8200
2019-11-27,72.2700
2019-11-28,72.8400
2019-11-29,73.4900
2019-11-30,73.4900
2019-12-01,73.4900
2019-12-02,74.3300
2019-12-03,75.0100
2019-12-04,74.6400
2019-12-05,76.3900
2019-12-06,79.1300
2019-12-07,79.1300
2019-12-08,79.1300
2019-12-09,78.8800
2019-12-10,76.6000
2019-12-11,74.1900
2019-12-12,75.9600
2019-12-13,73.1800
2019-12-14,73.1800
2019-12-15,73.1800
2019-12-16,74.0700
2019-12-17,76.0300
2019-12-18,74.1800
2019-12-19,72.8700
2019-12-20,72.6300
2019-12-21,72.6300
2019-12-22,72.6300
2019-12-23,72.8200
2019-12-24,72.8200
2019-12-25,72.8200
2019-12-26,73.4300
2019-12-27,72.9400
2019-12-28,72.9400
2019-12-29,72.9400
2019-12-30,73.5500
2019-12-31,73.5500
2020-01-01,73.5500
2020-01-02,74.4100
2020-01-03,75.0600
2020-01-04,75.0600
2020-01-05,75.0600
2020-01-06,78.0000
2020-01-07,77.8700
2020-01-08,77.5400
2020-01-09,78.2700
2020-01-10,77.8600
2020-01-11,77.8600
2020-01-12,77.8600
2020-01-13,79.6100
2020-01-14,80.9000
2020-01-15,81.0900
2020-01-16,80.8400
2020-01-17,81.8100
2020-01-18,81.8100
2020-01-19,81.8100
2020-01-20,80.4400
2020-01-21,81.0500
2020-01-22,81.6600
2020-01-23,81.6400
2020-01-24,84.0000
2020-01-25,84.0000
2020-01-26,84.0000
2020-01-27,83.2900
2020-01-28,83.5400
2020-01-29,84.6300
2020-01-30,84.1100
2020-01-31,84.8800
2020-02-01,84.8800
2020-02-02,84.8800
2020-02-03,85.4100
2020-02-04,84.4500
2020-02-05,84.8200
2020-02-06,84.8300
2020-02-07,84.2400
2020-02-08,84.2400
2020-02-09,84.2400
2020-02-10,84.6200
2020-02-11,84.0300
2020-02-12,83.7400
2020-02-13,82.4700
2020-02-14,83.4500
2020-02-15,83.4500
2020-02-16,83.4500
2020-02-17,83.2300
2020-02-18,82.9200
2020-02-19,81.5000
2020-02-20,81.7400
2020-02-21,81.3600
2020-02-22,81.3600
2020-02-23,81.3600
2020-02-24,81.3600
2020-02-25,81.3600
2020-02-26,80.5700
2020-02-27,80.6800
2020-02-28,80.5600
2020-02-29,80.5600
2020-03-01,80.5600
2020-03-02,82.0300
2020-03-03,82.4800
2020-03-04,82.0100
2020-03-05,81.5500
2020-03-06,81.9500
2020-03-07,81.9500
2020-03-08,81.9500
2020-03-09,83.2200
2020-03-10,86.4900
2020-03-11,84.8500
2020-03-12,87.1000
2020-03-13,89.0400
2020-03-14,89.0400
2020-03-15,89.0400
2020-03-16,89.1500
2020-03-17,89.3100
2020-03-18,88.1900
2020-03-19,89.5300
2020-03-20,89.9300
2020-03-21,89.9300
2020-03-22,89.9300
2020-03-23,89.9300
2020-03-24,89.9300
2020-03-25,87.9900
2020-03-26,84.3600
2020-03-27,86.4900
2020-03-28,86.4900
2020-03-29,86.4900
2020-03-30,86.9200
2020-03-31,86.9200
2020-04-01,87.9200
2020-04-02,88.8100
2020-04-03,89.0900
2020-04-04,89.0900
2020-04-05,89.0900
2020-04-06,90.7800
2020-04-07,90.4400
2020-04-08,94.6900
2020-04-09,94.6900
2020-04-10,94.6900
2020-04-11,94.6900
2020-04-12,94.6900
2020-04-13,102.2100
2020-04-14,107.4200
2020-04-15,108.7900
2020-04-16,102.1000
2020-04-17,102.6400
2020-04-18,102.6400
2020-04-19,102.6400
2020-04-20,105.2700
2020-04-21,109.5600
2020-04-22,111.1100
2020-04-23,111.5700
2020-04-24,112.0200
2020-04-25,112.0200
2020-04-26,112.0200
2020-04-27,115.0900
2020-04-28,119.6400
2020-04-29,109.7600
2020-04-30,114.6500
2020-05-01,114.6500
2020-05-02,114.6500
2020-05-03,114.6500
2020-05-04,112.5600
2020-05-05,119.9100
2020-05-06,118.4300
2020-05-07,117.8100
2020-05-08,115.3500
2020-05-09,115.3500
2020-05-10,115.3500
2020-05-11,118.5300
2020-05-12,121.9600
2020-05-13,125.7600
2020-05-14,122.8300
2020-05-15,121.3200
2020-05-16,121.3200
2020-05-17,121.3200
2020-05-18,118.7800
2020-05-19,118.3800
2020-05-20,119.5100
2020-05-21,117.4200
2020-05-22,113.9200
2020-05-23,113.9200
2020-05-24,113.9200
2020-05-25,113.9200
2020-05-26,110.6400
2020-05-27,109.8400
2020-05-28,112.6900
2020-05-29,113.4200
2020-05-30,113.4200
2020-05-31,113.4200
2020-06-01,114.0800
2020-06-02,114.0500
2020-06-03,114.7100
2020-06-04,114.4100
2020-06-05,115.3400
2020-06-06,115.3400
2020-06-07,115.3400
2020-06-08,116.3700
2020-06-09,116.0800
2020-06-10,114.4000
2020-06-11,112.2700
2020-06-12,109.2700
2020-06-13,109.2700
2020-06-14,109.2700
2020-06-15,109.2700
2020-06-16,109.1200
2020-06-17,107.6800
2020-06-18,109.8100
2020-06-19,110.0000
2020-06-20,110.0000
2020-06-21,110.0000
2020-06-22,105.4900
2020-06-23,108.5800
2020-06-24,108.0300
2020-06-25,106.1000
2020-06-26,105.7000
2020-06-27,105.7000
2020-06-28,105.7000
2020-06-29,104.0700
2020-06-30,104.1400
2020-07-01,108.1000
2020-07-02,109.7300
2020-07-03,108.5500
2020-07-04,108.5500
2020-07-05,108.5500
2020-07-06,108.1100
2020-07-07,109.4800
2020-07-08,109.1200
2020-07-09,109.1200
2020-07-10,109.1200
2020-07-11,109.1200
2020-07-12,109.1200
2020-07-13,111.7300
2020-07-14,113.0600
2020-07-15,113.3700
2020-07-16,113.6200
2020-07-17,117.8600
2020-07-18,117.8600
2020-07-19,117.8600
2020-07-20,119.2000
2020-07-21,118.8900
2020-07-22,116.9100
2020-07-23,114.3900
2020-07-24,117.4800
2020-07-25,117.4800
2020-07-26,117.4800
2020-07-27,117.9800
2020-07-28,118.4800
2020-07-29,118.2600
2020-07-30,121.4100
2020-07-31,124.1000
2020-08-01,124.1000
2020-08-02,124.1000
2020-08-03,122.0000
2020-08-04,119.1800
2020-08-05,119.4600
2020-08-06,123.5300
2020-08-07,126.5600
2020-08-08,126.5600
2020-08-09,126.5600
2020-08-10,128.3500
2020-08-11,127.7700
2020-08-12,130.0500
2020-08-13,130.2200
2020-08-14,126.8000
2020-08-15,126.8000
2020-08-16,126.8000
2020-08-17,126.8000
2020-08-18,129.0600
2020-08-19,131.4000
2020-08-20,132.9400
2020-08-21,135.0000
2020-08-22,135.0000
2020-08-23,135.0000
2020-08-24,132.9500
2020-08-25,130.5400
2020-08-26,128.4200
2020-08-27,125.5700
2020-08-28,125.8400
2020-08-29,125.8400
2020-08-30,125.8400
2020-08-31,125.7900
2020-09-01,130.7800
2020-09-02,129.5100
2020-09-03,123.8100
2020-09-04,128.4900
2020-09-05,128.4900
2020-09-06,128.4900
2020-09-07,125.8800
2020-09-08,119.3200
2020-09-09,120.2200
2020-09-10,120.9100
2020-09-11,126.3600
2020-09-12,126.3600
2020-09-13,126.3600
2020-09-14,130.3000
2020-09-15,128.2900
2020-09-16,131.9000
2020-09-17,132.4000
2020-09-18,137.3000
2020-09-19,137.3000
2020-09-20,137.3000
2020-09-21,139.8400
2020-09-22,147.5200
2020-09-23,148.6500
2020-09-24,140.9800
2020-09-25,143.5400
2020-09-26,143.5400
2020-09-27,143.5400
2020-09-28,143.3700
2020-09-29,148.5000
2020-09-30,145.6500
2020-10-01,145.8900
2020-10-02,145.7500
2020-10-03,145.7500
2020-10-04,145.7500
2020-10-05,149.5500
2020-10-06,152.5100
2020-10-07,150.3900
2020-10-08,153.2800
2020-10-09,154.9500
2020-10-10,154.9500
2020-10-11,154.9500
2020-10-12,154.9500
2020-10-13,156.2700
2020-10-14,163.7700
2020-10-15,168.6000
2020-10-16,165.3100
2020-10-17,165.3100
2020-10-18,165.3100
2020-10-19,165.0100
2020-10-20,171.8500
2020-10-21,174.8000
2020-10-22,181.0600
2020-10-23,168.8300
2020-10-24,168.8300
2020-10-25,168.8300
2020-10-26,165.1100
2020-10-27,162.6000
2020-10-28,152.3000
2020-10-29,151.2200
2020-10-30,147.7000
2020-10-31,147.7000
2020-11-01,147.7000
2020-11-02,145.4100
2020-11-03,145.4100
2020-11-04,145.3900
2020-11-05,146.8700
2020-11-06,146.8700
2020-11-07,146.8700
2020-11-08,146.8700
2020-11-09,147.3600
2020-11-10,146.3900
2020-11-11,149.5800
2020-11-12,145.6700
2020-11-13,146.5500
2020-11-14,146.5500
2020-11-15,146.5500
2020-11-16,147.4400
2020-11-17,148.2700
2020-11-18,149.1000
2020-11-19,149.8700
2020-11-20,149.8600
2020-11-21,149.8600
2020-11-22,149.8600
2020-11-23,149.8600
2020-11-24,150.9900
2020-11-25,150.5200
2020-11-26,149.2700
2020-11-27,148.9200
2020-11-28,148.9200
2020-11-29,148.9200
2020-11-30,148.0400
2020-12-01,148.4800
2020-12-02,148.2700
2020-12-03,144.1800
2020-12-04,144.9000
2020-12-05,144.9000
2020-12-06,144.9000
2020-12-07,144.9000
2020-12-08,144.9000
2020-12-09,142.8200
2020-12-10,141.8600
2020-12-11,141.8600
2020-12-12,141.8600
2020-12-13,141.8600
2020-12-14,142.8800
2020-12-15,143.7200
2020-12-16,142.7000
2020-12-17,142.6500
2020-12-18,142.0300
2020-12-19,142.0300
2020-12-20,142.0300
2020-12-21,139.8000
2020-12-22,140.7700
2020-12-23,140.4500
2020-12-24,140.4500
2020-12-25,140.4500
2020-12-26,140.4500
2020-12-27,140.4500
2020-12-28,140.3400
2020-12-29,140.3200
2020-12-30,140.2600
2020-12-31,140.2600
2021-01-01,140.2600
2021-01-02,140.2600
2021-01-03,140.2600
2021-01-04,142.3200
2021-01-05,143.9100
2021-01-06,144.5700
2021-01-07,145.2900
2021-01-08,145.2500
2021-01-09,145.2500
2021-01-10,145.2500
2021-01-11,145.9500
2021-01-12,145.1300
2021-01-13,144.8300
2021-01-14,145.8000
2021-01-15,146.2900
2021-01-16,146.2900
2021-01-17,146.2900
2021-01-18,146.2900
2021-01-19,147.8800
2021-01-20,148.1600
2021-01-21,148.8800
2021-01-22,148.8000
2021-01-23,148.8000
2021-01-24,148.8000
2021-01-25,149.2700
2021-01-26,149.7200
2021-01-27,150.1600
2021-01-28,150.6500
2021-01-29,150.5200
2021-01-30,150.5200
2021-01-31,150.5200
2021-02-01,150.9900
2021-02-02,151.4600
2021-02-03,151.7900
2021-02-04,152.2700
2021-02-05,147.1400
2021-02-06,147.1400
2021-02-07,147.1400
2021-02-08,147.1400
2021-02-09,152.3600
2021-02-10,152.1400
2021-02-11,152.1600
2021-02-12,151.6100
2021-02-13,151.6100
2021-02-14,151.6100
2021-02-15,151.6100
2021-02-16,151.6100
2021-02-17,147.9300
2021-02-18,145.8200
2021-02-19,144.1900
2021-02-20,144.1900
2021-02-21,144.1900
2021-02-22,142.5100
2021-02-23,143.4700
2021-02-24,144.4600
2021-02-25,145.4300
2021-02-26,145.3200
2021-02-27,145.3200
2021-02-28,145.3200
2021-03-01,146.3100
2021-03-02,147.3100
2021-03-03,148.2800
2021-03-04,147.2500
2021-03-05,147.7300
2021-03-06,147.7300
2021-03-07,147.7300
2021-03-08,147.7300
2021-03-09,144.7300
2021-03-10,148.9200
2021-03-11,149.0800
2021-03-12,148.7800
2021-03-13,148.7800
2021-03-14,148.7800
2021-03-15,149.2500
2021-03-16,149.2400
2021-03-17,149.4500
2021-03-18,149.6800
2021-03-19,149.7500
2021-03-20,149.7500
2021-03-21,149.7500
2021-03-22,148.9100
2021-03-23,148.7700
2021-03-24,148.7700
2021-03-25,147.8800
2021-03-26,146.0100
2021-03-27,146.0100
2021-03-28,146.0100
2021-03-29,146.2800
2021-03-30,146.5000
2021-03-31,147.1600
2021-04-01,147.1600
2021-04-02,147.1600
2021-04-03,147.1600
2021-04-04,147.1600
2021-04-05,147.9600
2021-04-06,148.5100
2021-04-07,148.9400
2021-04-08,149.4000
2021-04-09,149.8600
2021-04-10,149.8600
2021-04-11,149.8600
2021-04-12,150.5500
2021-04-13,150.7600
2021-04-14,151.1900
2021-04-15,151.6200
2021-04-16,151.9800
2021-04-17,151.9800
2021-04-18,151.9800
2021-04-19,152.4400
2021-04-20,153.0000
2021-04-21,153.2000
2021-04-22,152.0100
2021-04-23,153.1500
2021-04-24,153.1500
2021-04-25,153.1500
2021-04-26,153.6700
2021-04-27,154.7800
2021-04-28,155.0900
2021-04-29,155.4200
2021-04-30,155.6400
2021-05-01,155.6400
2021-05-02,155.6400
2021-05-03,156.2400
2021-05-04,156.6300
2021-05-05,157.0500
2021-05-06,157.5200
2021-05-07,158.0000
2021-05-08,158.0000
2021-05-09,158.0000
2021-05-10,158.4700
2021-05-11,157.9300
2021-05-12,158.3600
2021-05-13,158.6700
2021-05-14,159.1600
2021-05-15,159.1600
2021-05-16,159.1600
2021-05-17,159.6600
2021-05-18,159.6600
2021-05-19,161.1700
2021-05-20,161.8700
2021-05-21,162.8700
2021-05-22,162.8700
2021-05-23,162.8700
2021-05-24,162.8700
2021-05-25,162.8700
2021-05-26,163.8300
2021-05-27,164.5300
2021-05-28,165.1000
2021-05-29,165.1000
2021-05-30,165.1000
2021-05-31,165.7200
2021-06-01,166.3300
2021-06-02,167.0500
2021-06-03,166.6500
2021-06-04,166.2000
2021-06-05,166.2000
2021-06-06,166.2000
2021-06-07,165.9100
2021-06-08,165.6300
2021-06-09,165.3900
2021-06-10,165.0300
2021-06-11,164.7600
2021-06-12,164.7600
2021-06-13,164.7600
2021-06-14,164.3900
2021-06-15,164.2500
2021-06-16,164.0800
2021-06-17,164.0300
2021-06-18,164.0200
2021-06-19,164.0200
2021-06-20,164.0200
2021-06-21,164.0200
2021-06-22,163.9800
2021-06-23,163.9700
2021-06-24,163.9400
2021-06-25,164.9000
2021-06-26,164.9000
2021-06-27,164.9000
2021-06-28,164.8600
2021-06-29,165.6900
2021-06-30,165.9200
2021-07-01,166.4100
2021-07-02,166.4000
2021-07-03,166.4000
2021-07-04,166.4000
2021-07-05,166.6000
2021-07-06,166.8200
2021-07-07,167.0400
2021-07-08,167.2600
2021-07-09,167.2600
2021-07-10,167.2600
2021-07-11,167.2600
2021-07-12,166.7300
2021-07-13,166.2400
2021-07-14,166.2400
2021-07-15,166.2000
2021-07-16,166.1600
2021-07-17,166.1600
2021-07-18,166.1600
2021-07-19,166.1600
2021-07-20,166.4800
2021-07-21,166.7100
2021-07-22,166.9400
2021-07-23,167.1700
2021-07-24,167.1700
2021-07-25,167.1700
2021-07-26,167.5100
2021-07-27,168.0600
2021-07-28,168.6000
2021-07-29,168.6000
2021-07-30,168.8500
2021-07-31,168.8500
2021-08-01,168.8500
2021-08-02,169.3300
2021-08-03,170.1400
2021-08-04,170.2500
2021-08-05,170.4700
2021-08-06,170.5800
2021-08-07,170.5800
2021-08-08,170.5800
2021-08-09,170.9700
2021-08-10,171.0300
2021-08-11,171.1300
2021-08-12,171.2000
2021-08-13,165.3100
2021-08-14,165.3100
2021-08-15,165.3100
2021-08-16,165.3100
2021-08-17,167.2700
2021-08-18,168.0100
2021-08-19,168.6400
2021-08-20,169.2700
2021-08-21,169.2700
2021-08-22,169.2700
2021-08-23,167.5500
2021-08-24,169.3800
2021-08-25,169.6200
2021-08-26,169.8600
2021-08-27,169.8700
2021-08-28,169.8700
2021-08-29,169.8700
2021-08-30,170.1200
2021-08-31,170.4000
2021-09-01,170.5600
2021-09-02,170.7200
2021-09-03,170.7100
2021-09-04,170.7100
2021-09-05,170.7100
2021-09-06,170.9500
2021-09-07,171.3400
2021-09-08,170.8200
2021-09-09,170.8000
2021-09-10,170.7800
2021-09-11,170.7800
2021-09-12,170.7800
2021-09-13,171.1700
2021-09-14,171.5700
2021-09-15,171.9600
2021-09-16,172.4500
2021-09-17,172.5800
2021-09-18,172.5800
2021-09-19,172.5800
2021-09-20,172.8100
2021-09-21,172.8100
2021-09-22,173.1300
2021-09-23,173.4200
2021-09-24,173.5100
2021-09-25,173.5100
2021-09-26,173.5100
2021-09-27,174.0200
2021-09-28,174.5000
2021-09-29,174.7400
2021-09-30,175.1200
2021-10-01,175.5700
2021-10-02,175.5700
2021-10-03,175.5700
2021-10-04,175.9800
2021-10-05,176.4400
2021-10-06,176.4300
2021-10-07,176.5500
2021-10-08,176.5500
2021-10-09,176.5500
2021-10-10,176.5500
2021-10-11,176.5500
2021-10-12,176.8700
2021-10-13,177.2000
2021-10-14,177.5300
2021-10-15,177.7700
2021-10-16,177.7700
2021-10-17,177.7700
2021-10-18,178.1200
2021-10-19,178.4600
2021-10-20,178.7000
2021-10-21,178.9300
2021-10-22,179.3300
2021-10-23,179.3300
2021-10-24,179.3300
2021-10-25,179.3300
2021-10-26,179.3400
2021-10-27,179.3300
2021-10-28,179.3300
2021-10-29,179.3200
2021-10-30,179.3200
2021-10-31,179.3200
2021-11-01,179.3200
2021-11-02,179.4200
2021-11-03,180.1700
2021-11-04,180.6600
2021-11-05,181.3600
2021-11-06,181.3600
2021-11-07,181.3600
2021-11-08,181.9600
2021-11-09,182.5600
2021-11-10,182.8500
2021-11-11,183.3300
2021-11-12,184.0800
2021-11-13,184.0800
2021-11-14,184.0800
2021-11-15,189.0400
2021-11-16,204.9200
2021-11-17,208.7800
2021-11-18,212.7700
2021-11-19,213.5700
2021-11-20,213.5700
2021-11-21,213.5700
2021-11-22,213.5700
2021-11-23,218.2500
2021-11-24,216.7400
2021-11-25,215.8200
2021-11-26,211.7500
2021-11-27,211.7500
2021-11-28,211.7500
2021-11-29,215.6400
2021-11-30,214.1500
2021-12-01,223.9900
2021-12-02,214.9800
2021-12-03,219.1700
2021-12-04,219.1700
2021-12-05,219.1700
2021-12-06,219.2500
2021-12-07,222.7100
2021-12-08,222.7100
2021-12-09,211.4900
2021-12-10,206.7400
2021-12-11,206.7400
2021-12-12,206.7400
2021-12-13,205.1700
2021-12-14,203.3300
2021-12-15,199.9100
2021-12-16,198.3400
2021-12-17,204.8400
2021-12-18,204.8400
2021-12-19,204.8400
2021-12-20,204.2600
2021-12-21,206.0600
2021-12-22,209.6100
2021-12-23,203.0400
2021-12-24,203.0400
2021-12-25,203.0400
2021-12-26,203.0400
2021-12-27,204.4700
2021-12-28,202.4100
2021-12-29,203.4400
2021-12-30,202.1300
2021-12-31,202.1300
2022-01-01,202.1300
2022-01-02,202.1300
2022-01-03,208.0800
2022-01-04,205.2400
2022-01-05,208.6000
2022-01-06,216.2000
2022-01-07,214.2600
2022-01-08,214.2600
2022-01-09,214.2600
2022-01-10,213.9700
2022-01-11,211.5300
2022-01-12,211.2200
2022-01-13,207.7100
2022-01-14,206.0400
2022-01-15,206.0400
2022-01-16,206.0400
2022-01-17,207.0800
2022-01-18,205.9400
2022-01-19,216.3900
2022-01-20,217.8600
2022-01-21,218.8200
2022-01-22,218.8200
2022-01-23,218.8200
2022-01-24,217.6800
2022-01-25,221.7400
2022-01-26,229.1200
2022-01-27,231.1700
2022-01-28,240.0000
2022-01-29,240.0000
2022-01-30,240.0000
2022-01-31,244.6100
2022-02-01,222.2100
2022-02-02,218.9400
2022-02-03,220.2100
2022-02-04,220.2400
2022-02-05,220.2400
2022-02-06,220.2400
2022-02-07,218.7300
2022-02-08,215.8700
2022-02-09,212.8700
2022-02-10,214.3500
2022-02-11,216.2100
2022-02-12,216.2100
2022-02-13,216.2100
2022-02-14,214.4300
2022-02-15,212.6100
2022-02-16,211.3900
2022-02-17,209.9200
2022-02-18,206.7400
2022-02-19,206.7400
2022-02-20,206.7400
2022-02-21,207.3500
2022-02-22,201.6300
2022-02-23,202.9900
2022-02-24,203.3800
2022-02-25,200.4700
2022-02-26,200.4700
2022-02-27,200.4700
2022-02-28,200.4700
2022-03-01,200.4700
2022-03-02,202.2300
2022-03-03,201.4200
2022-03-04,201.1400
2022-03-05,201.1400
2022-03-06,201.1400
2022-03-07,200.1000
2022-03-08,198.6700
2022-03-09,193.7400
2022-03-10,192.2500
2022-03-11,190.0000
2022-03-12,190.0000
2022-03-13,190.0000
2022-03-14,188.3800
2022-03-15,189.1000
2022-03-16,194.5900
2022-03-17,195.7400
2022-03-18,195.4700
2022-03-19,195.4700
2022-03-20,195.4700
2022-03-21,197.9000
2022-03-22,200.6200
2022-03-23,201.1000
2022-03-24,201.1000
2022-03-25,200.5000
2022-03-26,200.5000
2022-03-27,200.5000
2022-03-28,197.1600
2022-03-29,191.9900
2022-03-30,193.0400
2022-03-31,190.2800
2022-04-01,189.5200
2022-04-02,189.5200
2022-04-03,189.5200
2022-04-04,190.4900
2022-04-05,190.0000
2022-04-06,189.5800
2022-04-07,191.0100
2022-04-08,190.0600
2022-04-09,190.0600
2022-04-10,190.0600
2022-04-11,190.9700
2022-04-12,190.8000
2022-04-13,190.5300
2022-04-14,190.5300
2022-04-15,190.5300
2022-04-16,190.5300
2022-04-17,190.5300
2022-04-18,188.7400
2022-04-19,191.1200
2022-04-20,194.6600
2022-04-21,203.7300
2022-04-22,208.7900
2022-04-23,208.7900
2022-04-24,208.7900
2022-04-25,209.5600
2022-04-26,214.1100
2022-04-27,210.7200
2022-04-28,205.4500
2022-04-29,206.9600
2022-04-30,206.9600
2022-05-01,206.9600
2022-05-02,210.7200
2022-05-03,208.6000
2022-05-04,204.8900
2022-05-05,206.6100
2022-05-06,208.1600
2022-05-07,208.1600
2022-05-08,208.1600
2022-05-09,208.0100
2022-05-10,209.0800
2022-05-11,207.8800
2022-05-12,209.1300
2022-05-13,213.1800
2022-05-14,213.1800
2022-05-15,213.1800
2022-05-16,213.1300
2022-05-17,211.4500
2022-05-18,211.4500
2022-05-19,210.4800
2022-05-20,211.5800
2022-05-21,211.5800
2022-05-22,211.5800
2022-05-23,211.3200
2022-05-24,212.5400
2022-05-25,212.5400
2022-05-26,213.6100
2022-05-27,210.7000
2022-05-28,210.7000
2022-05-29,210.7000
2022-05-30,211.7700
2022-05-31,210.5100
2022-06-01,210.8100
2022-06-02,209.5300
2022-06-03,209.6400
2022-06-04,209.6400
2022-06-05,209.6400
2022-06-06,210.1000
2022-06-07,210.1700
2022-06-08,210.3100
2022-06-09,219.8600
2022-06-10,227.6100
2022-06-11,227.6100
2022-06-12,227.6100
2022-06-13,237.7400
2022-06-14,239.1100
2022-06-15,238.3200
2022-06-16,242.2400
2022-06-17,242.2400
2022-06-18,242.2400
2022-06-19,242.2400
2022-06-20,242.2400
2022-06-21,240.5700
2022-06-22,235.3300
2022-06-23,237.3200
2022-06-24,237.1700
2022-06-25,237.1700
2022-06-26,237.1700
2022-06-27,244.3900
2022-06-28,250.0000
2022-06-29,251.0300
2022-06-30,252.7100
2022-07-01,252.2200
2022-07-02,252.2200
2022-07-03,252.2200
2022-07-04,281.1800
2022-07-05,274.1600
2022-07-06,278.1700
2022-07-07,296.2900
2022-07-08,300.8900
2022-07-09,300.8900
2022-07-10,300.8900
2022-07-11,297.4900
2022-07-12,291.8800
2022-07-13,290.1500
2022-07-14,294.9300
2022-07-15,301.4900
2022-07-16,301.4900
2022-07-17,301.4900
2022-07-18,303.9200
2022-07-19,303.8000
2022-07-20,308.7500
2022-07-21,329.8200
2022-07-22,326.4700
2022-07-23,326.4700
2022-07-24,326.4700
2022-07-25,325.9900
2022-07-26,328.1400
2022-07-27,339.4000
2022-07-28,321.9000
2022-07-29,288.2800
2022-07-30,288.2800
2022-07-31,288.2800
2022-08-01,279.6400
2022-08-02,285.1200
2022-08-03,287.5500
2022-08-04,289.6000
2022-08-05,284.5800
2022-08-06,284.5800
2022-08-07,284.5800
2022-08-08,283.7600
2022-08-09,287.6600
2022-08-10,289.7800
2022-08-11,286.2800
2022-08-12,285.5300
2022-08-13,285.5300
2022-08-14,285.5300
2022-08-15,285.5300
2022-08-16,278.0600
2022-08-17,284.1300
2022-08-18,293.9700
2022-08-19,300.3500
2022-08-20,300.3500
2022-08-21,300.3500
2022-08-22,300.3500
2022-08-23,299.0000
2022-08-24,293.4800
2022-08-25,295.9600
2022-08-26,292.5300
2022-08-27,292.5300
2022-08-28,292.5300
2022-08-29,290.0000
2022-08-30,298.0300
2022-08-31,292.8300
2022-09-01,288.7400
2022-09-02,288.7400
2022-09-03,288.7400
2022-09-04,288.7400
2022-09-05,282.9100
2022-09-06,283.3900
2022-09-07,280.8200
2022-09-08,282.8900
2022-09-09,280.8800
2022-09-10,280.8800
2022-09-11,280.8800
2022-09-12,279.9000
2022-09-13,279.4600
2022-09-14,284.2500
2022-09-15,295.3700
2022-09-16,301.1500
2022-09-17,301.1500
2022-09-18,301.1500
2022-09-19,303.3300
2022-09-20,302.8900
2022-09-21,305.9000
2022-09-22,312.1600
2022-09-23,312.2300
2022-09-24,312.2300
2022-09-25,312.2300
2022-09-26,306.8600
2022-09-27,305.5400
2022-09-28,307.6200
2022-09-29,304.2900
2022-09-30,308.9600
2022-10-01,308.9600
2022-10-02,308.9600
2022-10-03,306.9800
2022-10-04,308.2000
2022-10-05,309.6700
2022-10-06,307.1200
2022-10-07,307.1200
2022-10-08,307.1200
2022-10-09,307.1200
2022-10-10,307.1200
2022-10-11,304.0000
2022-10-12,305.9000
2022-10-13,313.7200
2022-10-14,312.8900
2022-10-15,312.8900
2022-10-16,312.8900
2022-10-17,307.9500
2022-10-18,304.0700
2022-10-19,302.9700
2022-10-20,304.0100
2022-10-21,303.6400
2022-10-22,303.6400
2022-10-23,303.6400
2022-10-24,303.9600
2022-10-25,305.8200
2022-10-26,305.9300
2022-10-27,307.4800
2022-10-28,305.8000
2022-10-29,305.8000
2022-10-30,305.8000
2022-10-31,307.4200
2022-11-01,303.6700
2022-11-02,303.3800
2022-11-03,304.9300
2022-11-04,304.5500
2022-11-05,304.5500
2022-11-06,304.5500
2022-11-07,303.4700
2022-11-08,301.2400
2022-11-09,307.9800
2022-11-10,308.6900
2022-11-11,309.7700
2022-11-12,309.7700
2022-11-13,309.7700
2022-11-14,310.4500
2022-11-15,319.1200
2022-11-16,324.6200
2022-11-17,334.7900
2022-11-18,332.2400
2022-11-19,332.2400
2022-11-20,332.2400
2022-11-21,332.2400
2022-11-22,330.9500
2022-11-23,325.7200
2022-11-24,322.6100
2022-11-25,323.0200
2022-11-26,323.0200
2022-11-27,323.0200
2022-11-28,322.4900
2022-11-29,322.7400
2022-11-30,322.7500
2022-12-01,323.7200
2022-12-02,327.0000
2022-12-03,327.0000
2022-12-04,327.0000
2022-12-05,330.4700
2022-12-06,340.4000
2022-12-07,338.0900
2022-12-08,338.0900
2022-12-09,338.0900
2022-12-10,338.0900
2022-12-11,338.0900
2022-12-12,332.3800
2022-12-13,333.6800
2022-12-14,330.1300
2022-12-15,332.6700
2022-12-16,332.3100
2022-12-17,332.3100
2022-12-18,332.3100
2022-12-19,332.4300
2022-12-20,331.5800
2022-12-21,332.9500
2022-12-22,333.4800
2022-12-23,333.1600
2022-12-24,333.1600
2022-12-25,333.1600
2022-12-26,334.8500
2022-12-27,337.4900
2022-12-28,346.1500
2022-12-29,340.5000
2022-12-30,344.1300
2022-12-31,344.1300
2023-01-01,344.1300
2023-01-02,344.8800
2023-01-03,344.4400
2023-01-04,339.4800
2023-01-05,342.1600
2023-01-06,338.9200
2023-01-07,338.9200
2023-01-08,338.9200
2023-01-09,333.9700
2023-01-10,331.9700
2023-01-11,336.9600
2023-01-12,343.5700
2023-01-13,349.2600
2023-01-14,349.2600
2023-01-15,349.2600
2023-01-16,356.3800
2023-01-17,362.1900
2023-01-18,351.8200
2023-01-19,355.4100
2023-01-20,360.9800
2023-01-21,360.9800
2023-01-22,360.9800
2023-01-23,363.1900
2023-01-24,360.0300
2023-01-25,365.9900
2023-01-26,369.3900
2023-01-27,370.3900
2023-01-28,370.3900
2023-01-29,370.3900
2023-01-30,369.5200
2023-01-31,367.4200
2023-02-01,367.0700
2023-02-02,366.8300
2023-02-03,362.9500
2023-02-04,362.9500
2023-02-05,362.9500
2023-02-06,365.7100
2023-02-07,366.1600
2023-02-08,366.1300
2023-02-09,371.6000
2023-02-10,371.2300
2023-02-11,371.2300
2023-02-12,371.2300
2023-02-13,370.8700
2023-02-14,369.8200
2023-02-15,368.5200
2023-02-16,370.0200
2023-02-17,369.8000
2023-02-18,369.8000
2023-02-19,369.8000
2023-02-20,369.8000
2023-02-21,369.8000
2023-02-22,368.4600
2023-02-23,367.0300
2023-02-24,367.0200
2023-02-25,367.0200
2023-02-26,367.0200
2023-02-27,364.9300
2023-02-28,366.4100
2023-03-01,368.8800
2023-03-02,372.5700
2023-03-03,372.3100
2023-03-04,372.3100
2023-03-05,372.3100
2023-03-06,372.6800
2023-03-07,375.6900
2023-03-08,378.9600
2023-03-09,387.7800
2023-03-10,393.6800
2023-03-11,393.6800
2023-03-12,393.6800
2023-03-13,395.5000
2023-03-14,391.4700
2023-03-15,397.0700
2023-03-16,400.6200
2023-03-17,403.5700
2023-03-18,403.5700
2023-03-19,403.5700
2023-03-20,401.3600
2023-03-21,399.6200
2023-03-22,397.1700
2023-03-23,390.1900
2023-03-24,390.1900
2023-03-25,390.1900
2023-03-26,390.1900
2023-03-27,392.5800
2023-03-28,390.6300
2023-03-29,395.8900
2023-03-30,402.7900
2023-03-31,406.5400
2023-04-01,406.5400
2023-04-02,406.5400
2023-04-03,406.7700
2023-04-04,409.8200
2023-04-05,408.2400
2023-04-06,408.2400
2023-04-07,408.2400
2023-04-08,408.2400
2023-04-09,408.2400
2023-04-10,403.1700
2023-04-11,398.9700
2023-04-12,398.3100
2023-04-13,402.1400
2023-04-14,404.8800
2023-04-15,404.8800
2023-04-16,404.8800
2023-04-17,409.0400
2023-04-18,425.9000
2023-04-19,429.6500
2023-04-20,435.7400
2023-04-21,455.1100
2023-04-22,455.1100
2023-04-23,455.1100
2023-04-24,462.3500
2023-04-25,465.9700
2023-04-26,469.3200
2023-04-27,457.2900
2023-04-28,453.1600
2023-04-29,453.1600
2023-04-30,453.1600
2023-05-01,453.1600
2023-05-02,433.6400
2023-05-03,427.2700
2023-05-04,420.7900
2023-05-05,440.6100
2023-05-06,440.6100
2023-05-07,440.6100
2023-05-08,440.3000
2023-05-09,434.0000
2023-05-10,441.6400
2023-05-11,441.6400
2023-05-12,440.8000
2023-05-13,440.8000
2023-05-14,440.8000
2023-05-15,444.6000
2023-05-16,447.4300
2023-05-17,454.3700
2023-05-18,478.9800
2023-05-19,474.3500
2023-05-20,474.3500
2023-05-21,474.3500
2023-05-22,478.9200
2023-05-23,481.1100
2023-05-24,479.6500
2023-05-25,479.6500
2023-05-26,479.6500
2023-05-27,479.6500
2023-05-28,479.6500
2023-05-29,480.6600
2023-05-30,463.1400
2023-05-31,474.9900
2023-06-01,469.5500
2023-06-02,479.0000
2023-06-03,479.0000
2023-06-04,479.0000
2023-06-05,496.7800
2023-06-06,493.4600
2023-06-07,489.8500
2023-06-08,481.5400
2023-06-09,479.2700
2023-06-10,479.2700
2023-06-11,479.2700
2023-06-12,503.3700
2023-06-13,492.2200
2023-06-14,495.5600
2023-06-15,493.9200
2023-06-16,487.1200
2023-06-17,487.1200
2023-06-18,487.1200
2023-06-19,487.1200
2023-06-20,487.1200
2023-06-21,492.7100
2023-06-22,502.3400
2023-06-23,488.0500
2023-06-24,488.0500
2023-06-25,488.0500
2023-06-26,489.6300
2023-06-27,498.1800
2023-06-28,496.2900
2023-06-29,487.5600
2023-06-30,495.6400
2023-07-01,495.6400
2023-07-02,495.6400
2023-07-03,485.5700
2023-07-04,495.0000
2023-07-05,492.9000
2023-07-06,498.8700
2023-07-07,499.5600
2023-07-08,499.5600
2023-07-09,499.5600
2023-07-10,500.5300
2023-07-11,500.4100
2023-07-12,501.4600
2023-07-13,502.4600
2023-07-14,504.4900
2023-07-15,504.4900
2023-07-16,504.4900
2023-07-17,507.5300
2023-07-18,520.7400
2023-07-19,526.2600
2023-07-20,532.5100
2023-07-21,533.2700
2023-07-22,533.2700
2023-07-23,533.2700
2023-07-24,531.8800
2023-07-25,530.1000
2023-07-26,527.7200
2023-07-27,531.3400
2023-07-28,536.0700
2023-07-29,536.0700
2023-07-30,536.0700
2023-07-31,555.1000
2023-08-01,560.1300
2023-08-02,568.5900
2023-08-03,576.7000
2023-08-04,585.3100
2023-08-05,585.3100
2023-08-06,585.3100
2023-08-07,597.6300
2023-08-08,597.4000
2023-08-09,591.7000
2023-08-10,598.8300
2023-08-11,601.2400
2023-08-12,601.2400
2023-08-13,601.2400
2023-08-14,654.9500
2023-08-15,702.2200
2023-08-16,722.9800
2023-08-17,743.4400
2023-08-18,745.7800
2023-08-19,745.7800
2023-08-20,745.7800
2023-08-21,745.7800
2023-08-22,745.5100
2023-08-23,746.6000
2023-08-24,761.6100
2023-08-25,770.1200
2023-08-26,770.1200
2023-08-27,770.1200
2023-08-28,787.3600
2023-08-29,802.3500
2023-08-30,798.3800
2023-08-31,780.5400
2023-09-01,767.8800
2023-09-02,767.8800
2023-09-03,767.8800
2023-09-04,769.9800
2023-09-05,761.4800
2023-09-06,762.9700
2023-09-07,738.6900
2023-09-08,720.3800
2023-09-09,720.3800
2023-09-10,720.3800
2023-09-11,673.5450
2023-09-12,721.3250
2023-09-13,708.8700
2023-09-14,718.9400
2023-09-15,707.9650
2023-09-16,707.9650
2023-09-17,707.9650
2023-09-18,708.9550
2023-09-19,716.8550
2023-09-20,707.3250
2023-09-21,710.4200
2023-09-22,718.1200
2023-09-23,718.1200
2023-09-24,718.1200
2023-09-25,723.6950
2023-09-26,735.7000
2023-09-27,704.2850
2023-09-28,707.6550
2023-09-29,753.1550
2023-09-30,753.1550
2023-10-01,753.1550
2023-10-02,733.0250
2023-10-03,726.0900
2023-10-04,821.8650
2023-10-05,846.2550
2023-10-06,878.8950
2023-10-07,878.8950
2023-10-08,878.8950
2023-10-09,878.8950
2023-10-10,892.1250
2023-10-11,841.0250
2023-10-12,869.5050
2023-10-13,869.5050
2023-10-14,869.5050
2023-10-15,869.5050
2023-10-16,869.5050
2023-10-17,956.0250
2023-10-18,965.1450
2023-10-19,968.8400
2023-10-20,988.7900
2023-10-21,988.7900
2023-10-22,988.7900
2023-10-23,943.5300
2023-10-24,888.9750
2023-10-25,880.5900
2023-10-26,870.7150
2023-10-27,837.6750
2023-10-28,837.6750
2023-10-29,837.6750
2023-10-30,827.9850
2023-10-31,845.0950
2023-11-01,820.4350
2023-11-02,852.7100
2023-11-03,848.8250
2023-11-04,848.8250
2023-11-05,848.8250
2023-11-06,848.8250
2023-11-07,847.6600
2023-11-08,845.6350
2023-11-09,862.5900
2023-11-10,893.1350
2023-11-11,893.1350
2023-11-12,893.1350
2023-11-13,881.3950
2023-11-14,872.4550
2023-11-15,870.9600
2023-11-16,858.8600
2023-11-17,859.7550
2023-11-18,859.7550
2023-11-19,859.7550
2023-11-20,859.7550
2023-11-21,890.6200
2023-11-22,970.3650
2023-11-23,970.3650
2023-11-24,983.1400
2023-11-25,983.1400
2023-11-26,983.1400
2023-11-27,893.1200
2023-11-28,845.9600
2023-11-29,811.5950
2023-11-30,841.0450
2023-12-01,913.0850
2023-12-02,913.0850
2023-12-03,913.0850
2023-12-04,881.4100
2023-12-05,937.2850
2023-12-06,903.5600
2023-12-07,985.5300
2023-12-08,985.5300
2023-12-09,985.5300
2023-12-10,985.5300
2023-12-11,979.1700
2023-12-12,1041.2000
2023-12-13,1012.6200
2023-12-14,1013.0500
2023-12-15,978.6850
2023-12-16,978.6850
2023-12-17,978.6850
2023-12-18,958.1000
2023-12-19,970.9550
2023-12-20,946.1150
2023-12-21,957.4400
2023-12-22,926.2550
2023-12-23,926.2550
2023-12-24,926.2550
2023-12-25,926.2550
2023-12-26,929.3950
2023-12-27,909.5950
2023-12-28,926.4950
2023-12-29,965.1750
2023-12-30,965.1750
2023-12-31,965.1750
2024-01-01,965.1750
2024-01-02,983.5950
2024-01-03,1035.3000
2024-01-04,1073.4000
2024-01-05,1136.0500
2024-01-06,1136.0500
2024-01-07,1136.0500
2024-01-08,1211.2500
2024-01-09,1184.6000
2024-01-10,1184.5500
2024-01-11,1153.7500
2024-01-12,1121.2500
2024-01-13,1121.2500
2024-01-14,1121.2500
2024-01-15,1121.2500
2024-01-16,1208.1000
2024-01-17,1262.3000
2024-01-18,1230.8500
2024-01-19,1292.7000
2024-01-20,1292.7000
2024-01-21,1292.7000
2024-01-22,1293.4000
2024-01-23,1268.8000
2024-01-24,1293.5000
2024-01-25,1269.6500
2024-01-26,1216.5000
2024-01-27,1216.5000
2024-01-28,1216.5000
2024-01-29,1254.0000
2024-01-30,1261.5500
2024-01-31,1215.4000
2024-02-01,1268.9500
2024-02-02,1286.4000
2024-02-03,1286.4000
2024-02-04,1286.4000
2024-02-05,1281.0000
2024-02-06,1242.3500
2024-02-07,1255.9500
2024-02-08,1235.1000
2024-02-09,1218.2000
2024-02-10,1218.2000
2024-02-11,1218.2000
2024-02-12,1218.2000
2024-02-13,1218.2000
2024-02-14,1171.9000
2024-02-15,1132.9000
2024-02-16,1102.3000
2024-02-17,1102.3000
2024-02-18,1102.3000
2024-02-19,1102.3000
2024-02-20,1133.4000
2024-02-21,1112.9500
2024-02-22,1067.9000
2024-02-23,1091.4000
2024-02-24,1091.4000
2024-02-25,1091.4000
2024-02-26,1089.5500
2024-02-27,1089.0500
2024-02-28,1064.7500
2024-02-29,1061.1500
2024-03-01,1071.8000
2024-03-02,1071.8000
2024-03-03,1071.8000
2024-03-04,1059.5500
2024-03-05,1046.3500
2024-03-06,1017.9500
2024-03-07,1022.2000
2024-03-08,1040.0500
2024-03-09,1040.0500
2024-03-10,1040.0500
2024-03-11,1017.5000
2024-03-12,1078.1000
2024-03-13,1047.8000
2024-03-14,1062.7000
2024-03-15,1059.7000
2024-03-16,1059.7000
2024-03-17,1059.7000
2024-03-18,1070.2000
2024-03-19,1079.3500
2024-03-20,1108.1500
2024-03-21,1093.8500
2024-03-22,1099.1000
2024-03-23,1099.1000
2024-03-24,1099.1000
2024-03-25,1086.8500
2024-03-26,1076.1500
2024-03-27,1057.8000
2024-03-28,1057.8000
2024-03-29,1057.8000
2024-03-30,1057.8000
2024-03-31,1057.8000
2024-04-01,1057.8000
2024-04-02,1057.8000
2024-04-03,1067.5500
2024-04-04,1048.2000
2024-04-05,1033.5500
2024-04-06,1033.5500
2024-04-07,1033.5500
2024-04-08,1030.1500
2024-04-09,1041.0500
2024-04-10,1041.6500
2024-04-11,1034.6000
2024-04-12,1034.6000
2024-04-13,1034.6000
2024-04-14,1034.6000
2024-04-15,1034.6000
2024-04-16,1068.6500
2024-04-17,1058.3500
2024-04-18,1056.5500
2024-04-19,1059.1500
2024-04-20,1059.1500
2024-04-21,1059.1500
2024-04-22,1058.1500
2024-04-23,1053.1000
2024-04-24,1052.8500
2024-04-25,1076.4500
2024-04-26,1077.3000
2024-04-27,1077.3000
2024-04-28,1077.3000
2024-04-29,1085.8000
2024-04-30,1086.9500
2024-05-01,1086.9500
2024-05-02,1109.2500
2024-05-03,1109.4000
2024-05-04,1109.4000
2024-05-05,1109.4000
2024-05-06,1104.7500
2024-05-07,1091.2500
2024-05-08,1077.2500
2024-05-09,1080.8500
2024-05-10,1074.0000
2024-05-11,1074.0000
2024-05-12,1074.0000
2024-05-13,1074.5000
2024-05-14,1085.3000
2024-05-15,1094.4000
2024-05-16,1094.7000
2024-05-17,1101.0500
2024-05-18,1101.0500
2024-05-19,1101.0500
2024-05-20,1131.8500
2024-05-21,1200.3500
2024-05-22,1252.2500
2024-05-23,1251.1500
2024-05-24,1238.2500
2024-05-25,1238.2500
2024-05-26,1238.2500
2024-05-27,1238.2500
2024-05-28,1229.7500
2024-05-29,1225.6000
2024-05-30,1213.8500
2024-05-31,1248.6000
2024-06-01,1248.6000
2024-06-02,1248.6000
2024-06-03,1289.4000
2024-06-04,1302.7000
2024-06-05,1313.3500
2024-06-06,1304.9000
2024-06-07,1305.2500
2024-06-08,1305.2500
2024-06-09,1305.2500
2024-06-10,1306.3500
2024-06-11,1301.6000
2024-06-12,1303.9000
2024-06-13,1263.7000
2024-06-14,1276.5000
2024-06-15,1276.5000
2024-06-16,1276.5000
2024-06-17,1276.5000
2024-06-18,1263.2000
2024-06-19,1263.2000
2024-06-20,1263.2000
2024-06-21,1263.2000
2024-06-22,1263.2000
2024-06-23,1263.2000
2024-06-24,1307.5500
2024-06-25,1314.3000
2024-06-26,1343.5500
2024-06-27,1337.5500
2024-06-28,1348.4000
2024-06-29,1348.4000
2024-06-30,1348.4000
2024-07-01,1405.8000
2024-07-02,1430.0500
2024-07-03,1398.0000
2024-07-04,1398.2300
2024-07-05,1394.3500
2024-07-06,1394.3500
2024-07-07,1394.3500
2024-07-08,1385.0500
2024-07-09,1385.0500
2024-07-10,1389.6500
2024-07-11,1413.6500
2024-07-12,1422.2500
2024-07-13,1422.2500
2024-07-14,1422.2500
2024-07-15,1312.6500
2024-07-16,1289.3500
2024-07-17,1314.3500
2024-07-18,1320.6500
2024-07-19,1320.4000
2024-07-20,1320.4000
2024-07-21,1320.4000
2024-07-22,1327.5000
2024-07-23,1332.1500
2024-07-24,1336.6000
2024-07-25,1328.1000
2024-07-26,1312.7500
2024-07-27,1312.7500
2024-07-28,1312.7500
2024-07-29,1301.9000
2024-07-30,1274.6000
2024-07-31,1280.7000
2024-08-01,1301.3500
2024-08-02,1321.3500
2024-08-03,1321.3500
2024-08-04,1321.3500
2024-08-05,1339.6000
2024-08-06,1337.2500
2024-08-07,1326.5000
2024-08-08,1312.0500
2024-08-09,1296.4000
2024-08-10,1296.4000
2024-08-11,1296.4000
2024-08-12,1283.9500
2024-08-13,1269.0500
2024-08-14,1264.0000
2024-08-15,1265.0500
2024-08-16,1275.0500
2024-08-17,1291.7000
2024-08-18,1291.7000
2024-08-19,1287.2000
2024-08-20,1293.8500
2024-08-21,1291.5000
2024-08-22,1288.7000
2024-08-23,1287.2500
2024-08-24,1287.2500
2024-08-25,1287.2500
2024-08-26,1290.3000
2024-08-27,1295.0500
2024-08-28,1292.9000
2024-08-29,1287.2500
2024-08-30,1303.2500
2024-08-31,1303.2500
2024-09-01,1303.2500
2024-09-02,1294.2250
2024-09-03,1305.2500
2024-09-04,1290.3200
2024-09-05,1285.9000
2024-09-06,1244.4500
2024-09-07,1244.4500
2024-09-08,1244.4500
2024-09-09,1237.1500
2024-09-10,1249.8000
2024-09-11,1256.6000
2024-09-12,1252.2000
2024-09-13,1244.2000
2024-09-14,1244.2000
2024-09-15,1244.2000
2024-09-16,1247.2500
2024-09-17,1244.0000
2024-09-18,1231.1500
2024-09-19,1214.3500
2024-09-20,1224.7000
2024-09-21,1224.7000
2024-09-22,1224.7000
2024-09-23,1225.6500
2024-09-24,1220.2000
2024-09-25,1225.5500
2024-09-26,1227.3000
2024-09-27,1225.0000
2024-09-28,1225.0000
2024-09-29,1225.0000
2024-09-30,1242.3500
2024-10-01,1243.9500
2024-10-02,1236.6500
2024-10-03,1228.9500
2024-10-04,1220.3500
2024-10-05,1220.3500
2024-10-06,1220.3500
2024-10-07,1213.7000
2024-10-08,1212.3500
2024-10-09,1189.7500
2024-10-10,1174.3000
2024-10-11,1174.3000
2024-10-12,1174.3000
2024-10-13,1174.3000
2024-10-14,1179.0000
2024-10-15,1176.9500
2024-10-16,1187.1000
2024-10-17,1192.9000
2024-10-18,1190.2000
2024-10-19,1190.2000
2024-10-20,1190.2000
2024-10-21,1193.5000
2024-10-22,1191.7000
2024-10-23,1189.5000
2024-10-24,1178.5500
2024-10-25,1165.5000
2024-10-26,1165.5000
2024-10-27,1165.5000
2024-10-28,1156.7500
2024-10-29,1152.1000
2024-10-30,1156.8000
2024-10-31,1154.3500
2024-11-01,1173.8500
2024-11-02,1173.8500
2024-11-03,1173.8500
2024-11-04,1182.8000
2024-11-05,1177.6000
2024-11-06,1177.6000
2024-11-07,1161.7000
2024-11-08,1149.1500
2024-11-09,1149.1500
2024-11-10,1149.1500
2024-11-11,1149.1500
2024-11-12,1158.8500
2024-11-13,1156.7000
2024-11-14,1144.3500
2024-11-15,1132.6500
2024-11-16,1132.6500
2024-11-17,1132.6500
2024-11-18,1132.6500
2024-11-19,1112.4500
2024-11-20,1105.0000
2024-11-21,1109.8000
2024-11-22,1104.3000
2024-11-23,1104.3000
2024-11-24,1104.3000
2024-11-25,1105.1000
2024-11-26,1106.5500
2024-11-27,1102.6000
2024-11-28,1102.6000
2024-11-29,1097.5000
2024-11-30,1097.5000
2024-12-01,1097.5000
2024-12-02,1097.3000
2024-12-03,1099.6500
2024-12-04,1102.3000
2024-12-05,1087.9500
2024-12-06,1070.5000
2024-12-07,1070.5000
2024-12-08,1070.5000
2024-12-09,1066.8000
2024-12-10,1079.6500
2024-12-11,1072.9000
2024-12-12,1074.6000
2024-12-13,1090.8000
2024-12-14,1090.8000
2024-12-15,1090.8000
2024-12-16,1113.6500
2024-12-17,1147.2000
2024-12-18,1160.2500
2024-12-19,1151.3500
2024-12-20,1157.5500
2024-12-21,1157.5500
2024-12-22,1157.5500
2024-12-23,1168.0500
2024-12-24,1113.7000
2024-12-25,1113.7000
2024-12-26,1186.8000
2024-12-27,1181.9000
2024-12-28,1181.9000
2024-12-29,1181.9000
2024-12-30,1188.5000
2024-12-31,1188.5000
2025-01-01,1188.5000
2025-01-02,1188.5000
2025-01-03,1177.2500
2025-01-04,1177.2500
2025-01-05,1177.2500
2025-01-06,1184.7000
2025-01-07,1190.0000
2025-01-08,1190.5000
2025-01-09,1186.0500
2025-01-10,1193.4000
2025-01-11,1193.4000
2025-01-12,1193.4000
2025-01-13,1195.3000
2025-01-14,1188.7500
2025-01-15,1188.0500
2025-01-16,1190.7500
2025-01-17,1186.0500
2025-01-18,1186.0500
2025-01-19,1186.0500
2025-01-20,1186.0500
2025-01-21,1187.2000
2025-01-22,1187.5500
2025-01-23,1185.5000
2025-01-24,1166.0000
2025-01-25,1166.0000
2025-01-26,1166.0000
2025-01-27,1172.0500
2025-01-28,1174.8500
2025-01-29,1177.3000
2025-01-30,1177.4000
2025-01-31,1185.3500
2025-02-01,1185.3500
2025-02-02,1185.3500
2025-02-03,1190.4000
2025-02-04,1195.2000
2025-02-05,1198.4500
2025-02-06,1197.5500
2025-02-07,1203.1000
2025-02-08,1203.1000
2025-02-09,1203.1000
2025-02-10,1193.4000
2025-02-11,1191.8500
2025-02-12,1193.6500
2025-02-13,1196.2500
2025-02-14,1196.0500
2025-02-15,1196.0500
2025-02-16,1196.0500
2025-02-17,1196.0500
2025-02-18,1210.2000
2025-02-19,1216.7000
2025-02-20,1214.2500
2025-02-21,1214.0000
2025-02-22,1214.0000
2025-02-23,1214.0000
2025-02-24,1214.5000
2025-02-25,1210.7500
2025-02-26,1217.4500
2025-02-27,1219.0500
2025-02-28,1221.6500
2025-03-01,1221.6500
2025-03-02,1221.6500
2025-03-03,1221.6500
2025-03-04,1221.6500
2025-03-05,1232.0000
2025-03-06,1236.0000
2025-03-07,1216.9500
2025-03-08,1216.9500
2025-03-09,1216.9500
2025-03-10,1225.7000
2025-03-11,1227.0000
2025-03-12,1227.2000
2025-03-13,1234.7000
2025-03-14,1238.9500
2025-03-15,1238.9500
2025-03-16,1238.9500
2025-03-17,1252.5500
2025-03-18,1293.4000
2025-03-19,1269.8500
2025-03-20,1285.8500
2025-03-21,1291.0000
2025-03-22,1291.0000
2025-03-23,1291.0000
2025-03-24,1291.0000
2025-03-25,1296.0000
2025-03-26,1296.0000
2025-03-27,1295.8500
2025-03-28,1314.1500
2025-03-29,1314.1500
2025-03-30,1314.1500
2025-03-31,1317.3500
2025-04-01,1312.3000
2025-04-02,1312.3000
2025-04-03,1317.6500
2025-04-04,1332.0500
2025-04-05,1332.0500
2025-04-06,1332.0500
2025-04-07,1362.9000
2025-04-08,1372.7500
2025-04-09,1358.4000
2025-04-10,1364.0000
2025-04-11,1341.8000
2025-04-12,1341.8000
2025-04-13,1341.8000
2025-04-14,1243.1500
2025-04-15,1243.1500
2025-04-16,1181.1500
2025-04-17,1181.1500
2025-04-18,1181.1500
2025-04-19,1181.1500
2025-04-20,1181.1500
2025-04-21,1133.7000
2025-04-22,1151.9500
2025-04-23,1185.7000
2025-04-24,1200.5500
2025-04-25,1196.0500
2025-04-26,1196.0500
2025-04-27,1196.0500
2025-04-28,1192.5500
2025-04-29,1189.7500
2025-04-30,1189.2500
2025-05-01,1189.2500
2025-05-02,1406.1000
2025-05-03,1406.1000
2025-05-04,1406.1000
2025-05-05,1210.6000
2025-05-06,1212.4500
2025-05-07,1166.1000
2025-05-08,1141.8000
2025-05-09,1156.9500
2025-05-10,1156.9500
2025-05-11,1156.9500
2025-05-12,1154.5500
2025-05-13,1149.6000
2025-05-14,1154.9500
2025-05-15,1168.2500
2025-05-16,1167.9000
2025-05-17,1167.9000
2025-05-18,1167.9000
2025-05-19,1162.3000
2025-05-20,1166.8500
2025-05-21,1165.4500
2025-05-22,1159.6000
2025-05-23,1157.6000
2025-05-24,1157.6000
2025-05-25,1157.6000
2025-05-26,1157.6000
2025-05-27,1173.6500
2025-05-28,1173.9000
2025-05-29,1200.1500
2025-05-30,1200.7000
2025-05-31,1200.7000
2025-06-01,1200.7000
2025-06-02,1194.7500
2025-06-03,1196.5000
2025-06-04,1197.3500
2025-06-05,1195.2500
2025-06-06,1196.4000
2025-06-07,1196.4000
2025-06-08,1196.4000
2025-06-09,1197.2000
2025-06-10,1190.2000
2025-06-11,1190.4000
2025-06-12,1191.4000
2025-06-13,1190.1000
2025-06-14,1190.1000
2025-06-15,1190.1000
2025-06-16,1190.1000
2025-06-17,1181.0000
2025-06-18,1171.0500
2025-06-19,1171.0500
2025-06-20,1171.0500
2025-06-21,1171.0500
2025-06-22,1171.0500
2025-06-23,1189.4500
2025-06-24,1186.1000
2025-06-25,1197.6000
2025-06-26,1204.7000
2025-06-27,1200.3500
2025-06-28,1200.3500
2025-06-29,1200.3500
2025-06-30,1211.0000
2025-07-01,1235.2000
2025-07-02,1240.1500
2025-07-03,1236.5500
2025-07-04,1236.5500
2025-07-05,1236.5500
2025-07-06,1236.5500
2025-07-07,1279.9500
2025-07-08,1258.0000
2025-07-09,1258.0000
2025-07-10,1267.9000
2025-07-11,1277.7500
2025-07-12,1277.7500
2025-07-13,1277.7500
2025-07-14,1294.4500
2025-07-15,1297.4000
2025-07-16,1272.8000
2025-07-17,1292.2000
2025-07-18,1284.6000
2025-07-19,1284.6000
2025-07-20,1284.6000
2025-07-21,1295.1500
2025-07-22,1264.5000
2025-07-23,1262.4000
2025-07-24,1276.1500
2025-07-25,1285.5500
2025-07-26,1285.5500
2025-07-27,1285.5500
2025-07-28,1296.1000
2025-07-29,1292.8500
2025-07-30,1318.2000
2025-07-31,1360.1000
2025-08-01,1363.3500
2025-08-02,1363.3500
2025-08-03,1363.3500
2025-08-04,1356.0000
2025-08-05,1345.0000
2025-08-06,1333.2500
2025-08-07,1330.0000
2025-08-08,1328.2500
2025-08-09,1328.2500
2025-08-10,1328.2500
2025-08-11,1326.5000
2025-08-12,1322.3500
2025-08-13,1319.8000
2025-08-14,1301.3500
2025-08-15,1301.3500
2025-08-16,1301.3500
2025-08-17,1301.3500
2025-08-18,1301.9000
2025-08-19,1301.6500
2025-08-20,1307.0000
2025-08-21,1319.9500
2025-08-22,1325.5000
2025-08-23,1325.5000
2025-08-24,1325.5000
2025-08-25,1359.5000
2025-08-26,1354.3000
2025-08-27,1354.4000
2025-08-28,1345.6000
2025-08-29,1351.5000
2025-08-30,1351.5000
2025-08-31,1351.5000
2025-09-01,1351.5000
2025-09-02,1367.7500
2025-09-03,1368.9500
2025-09-04,1377.7500
2025-09-05,1384.5000
2025-09-06,1384.5000
2025-09-07,1384.5000
2025-09-08,1437.5000
2025-09-09,1433.5500
2025-09-10,1429.9000
2025-09-11,1448.6500
2025-09-12,1472.5500
2025-09-13,1472.5500
2025-09-14,1472.5500
2025-09-15,1494.2000
2025-09-16,1473.0000
2025-09-17,1495.4000
2025-09-18,1546.0000
2025-09-19,1552.4500
2025-09-20,1552.4500
2025-09-21,1552.4500
2025-09-22,1433.8000
2025-09-23,1413.6000
2025-09-24,1392.7000
2025-09-25,1398.9500
2025-09-26,1465.2500
2025-09-27,1465.2500
2025-09-28,1465.2500
2025-09-29,1498.8000
2025-09-30,1536.2000
2025-10-01,1577.9500
2025-10-02,1549.1000
2025-10-03,1521.5500
2025-10-04,1521.5500
2025-10-05,1521.5500
2025-10-06,1517.3000
2025-10-07,1557.1000
2025-10-08,1545.4500
2025-10-09,1444.7500
2025-10-10,1444.7500
2025-10-11,1444.7500
2025-10-12,1444.7500
2025-10-13,1444.7500
2025-10-14,1466.8500
2025-10-15,1457.0000
2025-10-16,1489.4500
2025-10-17,1546.7000
2025-10-18,1546.7000
2025-10-19,1546.7000
2025-10-20,1565.5500
2025-10-21,1609.0500
2025-10-22,1607.1000
2025-10-23,1555.6500
2025-10-24,1559.6500
2025-10-25,1559.6500
2025-10-26,1559.6500
2025-10-27,1458.3500
2025-10-28,1490.9000
2025-10-29,1486.3500
2025-10-30,1491.5000
2025-10-31,1497.7000
2025-11-01,1497.7000
2025-11-02,1497.7000
2025-11-03,1520.4000
2025-11-04,1513.6500
2025-11-05,1497.9500
2025-11-06,1497.9500
2025-11-07,1472.8000
2025-11-08,1472.8000
2025-11-09,1472.8000
2025-11-10,1476.2500
2025-11-11,1476.2500
2025-11-12,1473.1000
2025-11-13,1482.9000
2025-11-14,1484.9500
2025-11-15,1484.9500
2025-11-16,1484.9500
2025-11-17,1486.3500
2025-11-18,1471.5000
2025-11-19,1475.1500
2025-11-20,1488.3000
2025-11-21,1488.3000
2025-11-22,1488.3000
2025-11-23,1488.3000
2025-11-24,1488.3000
2025-11-25,1524.4500
2025-11-26,1530.6000
2025-11-27,1530.6000
2025-11-28,1515.6500
2025-11-29,1515.6500
2025-11-30,1515.6500
2025-12-01,1517.0500
2025-12-02,1521.0500
2025-12-03,1509.4500
2025-12-04,1511.5500
2025-12-05,1506.4500
2025-12-06,1506.4500
2025-12-07,1506.4500
2025-12-08,1506.4500
2025-12-09,1502.1000
2025-12-10,1503.9000
2025-12-11,1506.4500
2025-12-12,1511.6500
2025-12-13,1511.6500
2025-12-14,1511.6500
2025-12-15,1528.8500
2025-12-16,1546.2000
2025-12-17,1555.1000
2025-12-18,1543.8000
2025-12-19,1543.5000
2025-12-20,1543.5000
2025-12-21,1543.5000
2025-12-22,1541.9000
2025-12-23,1524.8000
2025-12-24,1524.8000
2025-12-25,1524.8000
2025-12-26,1525.2000
2025-12-27,1525.2000
2025-12-28,1525.2000
2025-12-29,1526.2000
2025-12-30,1520.1000
2025-12-31,1520.1000
2026-01-01,1520.1000
2026-01-02,1534.1500
2026-01-03,1534.1500
2026-01-04,1534.1500
2026-01-05,1535.9500
2026-01-06,1534.1500
2026-01-07,1531.2500
2026-01-08,1527.8500
2026-01-09,1526.0500
2026-01-10,1526.0500
2026-01-11,1526.0500
2026-01-12,1524.4000
2026-01-13,1527.1500
2026-01-14,1521.1500
2026-01-15,1512.2000
2026-01-16,1513.2500
2026-01-17,1513.2500
2026-01-18,1513.2500
2026-01-19,1513.2500
2026-01-20,1517.3000
2026-01-21,1512.8500
2026-01-22,1506.3500
2026-01-23,1510.9500
2026-01-24,1510.9500
2026-01-25,1510.9500
2026-01-26,1516.4000
2026-01-27,1508.6000
2026-01-28,1508.5000
2026-01-29,1504.9000
2026-01-30,1498.8000
2026-01-31,1498.8000
2026-02-01,1498.8000
2026-02-02,1498.8000
2026-02-03,1495.9000
2026-02-04,1493.6000
2026-02-05,1505.0000
2026-02-06,1488.7000
2026-02-07,1488.7000
2026-02-08,1488.7000
2026-02-09,1479.1000
2026-02-10,1472.9500
2026-02-11,1475.0000
2026-02-12,1463.5500
2026-02-13,1465.1000
2026-02-14,1465.1000
2026-02-15,1465.1000
2026-02-16,1465.1000
2026-02-17,1465.1000
2026-02-18,1452.9000
2026-02-19,1446.7000
2026-02-20,1444.6000
2026-02-21,1444.6000
2026-02-22,1444.6000
2026-02-23,1441.3500
2026-02-24,1446.9000
2026-02-25,1472.4500
2026-02-26,1480.4000
2026-02-27,1461.4000
2026-02-28,1461.4000
2026-03-01,1461.4000
2026-03-02,1460.7500
2026-03-03,1478.5500
2026-03-04,1468.0000
2026-03-05,1474.8500
2026-03-06,1477.2000
2026-03-07,1477.2000
2026-03-08,1477.2000
2026-03-09,1472.3500
2026-03-10,1463.9500
2026-03-11,1455.0000
2026-03-12,1458.1500
2026-03-13,1471.9000
2026-03-14,1471.9000
2026-03-15,1471.9000
2026-03-16,1470.9500
2026-03-17,1467.7000
2026-03-18,1471.5500
2026-03-19,1467.5500
2026-03-20,1469.2500
2026-03-21,1469.2500
2026-03-22,1469.2500
2026-03-23,1469.2500
2026-03-24,1469.2500
2026-03-25,1451.1500
2026-03-26,1445.9000
2026-03-27,1474.4000
2026-03-28,1474.4000
2026-03-29,1474.4000
2026-03-30,1484.9000
2026-03-31,1473.9500
2026-04-01,1483.8000
2026-04-02,1483.8000
2026-04-03,1483.8000
2026-04-04,1483.8000
2026-04-05,1483.8000
2026-04-06,1482.0500
2026-04-07,1486.5500
2026-04-08,1478.4000
2026-04-09,1476.8000
2026-04-10,1470.6000
2026-04-11,1470.6000
2026-04-12,1470.6000
2026-04-13,1465.1500
2026-04-14,1466.0000
2026-04-15,1448.4000
2026-04-16,1450.7500
2026-04-17,1458.1500
2026-04-18,1458.1500
2026-04-19,1458.1500
2026-04-20,1466.5500
2026-04-21,1464.9000
2026-04-22,1471.0000
2026-04-23,1476.7000
2026-04-24,1495.2000
2026-04-25,1495.2000
2026-04-26,1495.2000
2026-04-27,1518.2000
2026-04-28,1502.4000
2026-04-29,1490.8500
2026-04-30,1493.5000
2026-05-01,1493.5000
2026-05-02,1493.5000
2026-05-03,1493.5000
2026-05-04,1493.5000
2026-05-05,1493.5000
2026-05-06,1493.5000
2026-05-07,1483.7500
2026-05-08,1482.5500
2026-05-09,1482.5500
2026-05-10,1482.5500
2026-05-11,1479.3000
2026-05-12,1474.6500
2026-05-13,1481.2000
2026-05-14,1477.5500
2026-05-15,1484.7500
2026-05-16,1484.7500
2026-05-17,1484.7500
2026-05-18,1483.9000
2026-05-19,1489.7500
2026-05-20,1486.2500
2026-05-21,1478.0500
2026-05-22,1485.8500
2026-05-23,1485.8500
2026-05-24,1485.8500
2026-05-25,1485.8500
2026-05-26,1485.8500
2026-05-27,1483.6000
2026-05-28,1482.1500
2026-05-29,1482.3000
2026-05-30,1482.3000
2026-05-31,1482.3000
2026-06-01,1491.4500
2026-06-02,1501.9500
2026-06-03,1515.3000
2026-06-04,1510.4000
2026-06-05,1509.9000
2026-06-06,1509.9000
2026-06-07,1509.9000
2026-06-08,1519.6500
2026-06-09,1513.4500
2026-06-10,1509.1500
2026-06-11,1494.4500
2026-06-12,1493.9000
2026-06-13,1493.9000
2026-06-14,1493.9000
2026-06-15,1493.9000
2026-06-16,1497.4500
2026-06-17,1504.5000
2026-06-18,1507.9500
2026-06-19,1507.9500
2026-06-20,1507.9500
2026-06-21,1507.9500
2026-06-22,1525.9000
2026-06-23,1550.9000
2026-06-24,1549.4000
2026-06-25,1543.8500
2026-06-26,1540.4500
2026-06-27,1540.4500
2026-06-28,1540.4500
2026-06-29,1554.6500
2026-06-30,1562.7000
2026-07-01,1569.7000
2026-07-02,1574.8500
2026-07-03,1567.8000
2026-07-04,1567.8000
2026-07-05,1567.8000
2026-07-06,1569.4500
2026-07-07,1574.1000
2026-07-08,1564.4000
2026-07-09,1564.4000
2026-07-10,1564.4000
2026-07-11,1564.4000
2026-07-12,1564.4000
2026-07-13,1567.0000
2026-07-14,1553.2500
2026-07-15,1563.9500
2026-07-16,1567.0500
2026-07-17,1574.0000
2026-07-18,1574.0000
2026-07-19,1574.0000
2026-07-20,1572.6500
2026-07-21,1568.6000
2026-07-22,1572.6000
2026-07-23,1584.2000
2026-07-24,1594.6000
2026-07-25,1594.6000
2026-07-26,1594.6000
2026-07-27,1598.5500
2026-07-28,1594.5500
2026-07-29,1584.5500
2026-07-30,1562.4000
2026-07-31,1573.9500
2026-08-01,1573.9500
2026-08-02,1573.9500
2026-08-03,1579.9000
2026-08-04,1575.5500
2026-08-05,1575.0500
2026-08-06,1575.0500
2026-08-07,1579.5500
2026-08-08,1579.5500
2026-08-09,1579.5500
2026-08-10,1581.8000
2026-08-11,1583.7000
2026-08-12,1586.3500
2026-08-13,1580.4500
2026-08-14,1572.4500
2026-08-15,1572.4500
2026-08-16,1572.4500
2026-08-17,1572.4500
2026-08-18,1575.0000
2026-08-19,1579.8000
2026-08-20,1584.6000
2026-08-21,1589.0000
2026-08-22,1589.0000
2026-08-23,1589.0000
2026-08-24,1599.6500
2026-08-25,1600.2000
2026-08-26,1606.0500
2026-08-27,1601.1000
2026-08-28,1603.0500
2026-08-29,1603.0500
2026-08-30,1603.0500
2026-08-31,1597.5000
2026-09-01,1603.0500
2026-09-02,1591.8000
2026-09-03,1593.9500
2026-09-04,1582.6000
